1,0,0.000000,0.000000,0.000000,0.000000,0.000000,12,13,10,13,4,0,0.000000,0.000000,
2,0,612096.000000,0.000000,998400.000000,19200.000000,25861.000000,14,15,494,15,4,0,0.000000,0.000000,
3,0,714810.000000,0.000000,987301.000000,13924.000000,19298.000000,16,15,496,15,4,0,0.000000,0.000000,
4,0,557760.000000,0.000000,966720.000000,23040.000000,28800.000000,17,18,497,18,4,0,0.000000,0.000000,
5,0,685440.000000,-177.000000,989760.000000,11167.000000,16362.000000,19,20,463,20,4,0,0.000000,0.000000,
6,0,725045.000000,0.000000,1021195.000000,13922.000000,20298.000000,21,22,454,22,4,0,0.000000,0.000000,
7,0,653065.000000,0.000000,897438.000000,23773.000000,29291.000000,23,24,456,24,4,0,0.000000,0.000000,
8,0,561600.000000,0.000000,1002240.000000,25920.000000,31680.000000,17,25,497,25,4,0,0.000000,0.000000,
9,0,614400.000000,0.000000,1094400.000000,63744.000000,72192.000000,26,27,409,27,4,0,0.000000,0.000000,
10,0,710400.000000,9216.000000,864000.000000,12603.000000,20050.000000,28,24,493,24,4,0,0.000000,0.000000,
11,0,644315.000000,0.000000,728689.000000,14966.000000,35446.000000,29,13,499,13,4,0,0.000000,0.000000,
12,0,724087.000000,0.000000,667736.000000,13785.000000,46868.000000,30,31,10,31,4,0,0.000000,0.000000,
13,0,648745.000000,-389.000000,618216.000000,18900.000000,54857.000000,32,33,10,33,4,0,0.000000,0.000000,
14,0,759016.750000,818.085449,987938.562500,26782.000000,30720.000000,16,15,496,15,4,0,0.000000,0.000000,
15,0,646080.000000,-3840.000000,997440.000000,24000.000000,31658.000000,14,15,494,15,4,0,0.000000,0.000000,
16,0,666312.375000,15687.891602,800207.687500,35975.207031,43712.828125,34,35,406,35,2,0,0.000000,0.000000,
17,0,687233.000000,2345.000000,1011162.000000,11068.000000,14613.000000,19,20,463,20,4,0,0.000000,0.000000,
18,0,664320.000000,0.000000,982080.000000,6720.000000,7680.000000,14,15,494,15,4,0,0.000000,0.000000,
19,0,702610.000000,0.000000,1047894.000000,14178.000000,19057.000000,36,37,36,37,4,0,0.000000,0.000000,
20,0,706944.000000,0.000000,901632.000000,25344.000000,29952.000000,23,24,456,24,4,0,0.000000,0.000000,
21,0,748800.000000,0.000000,856704.000000,24882.000000,29952.000000,28,24,493,24,4,0,0.000000,0.000000,
22,0,613629.000000,8480.000000,804810.000000,26524.000000,31670.000000,34,35,406,35,2,0,0.000000,0.000000,
23,0,597504.000000,6912.000000,841728.000000,19200.000000,20736.000000,34,35,406,35,2,0,0.000000,0.000000,
24,0,622848.000000,5376.000000,823296.000000,20736.000000,24576.000000,34,35,406,35,2,0,0.000000,0.000000,
25,0,716234.125000,5376.000000,822528.000000,10580.000000,23040.000000,38,39,470,39,4,0,0.000000,0.000000,
26,0,737280.000000,0.000000,807168.000000,24576.000000,39168.000000,38,39,470,39,4,0,0.000000,0.000000,
27,0,612864.000000,0.000000,516864.000000,35446.000000,51722.000000,40,39,407,39,4,0,0.000000,0.000000,
28,0,564790.000000,0.000000,604416.000000,28996.000000,65437.000000,41,42,472,42,4,0,0.000000,0.000000,
29,0,561408.000000,0.000000,537600.000000,18808.000000,30171.000000,40,43,407,43,4,0,0.000000,0.000000,
30,0,721019.000000,0.000000,547667.000000,14890.000000,22843.000000,44,45,457,45,4,0,0.000000,0.000000,
31,0,671928.000000,0.000000,553804.000000,29170.000000,38597.000000,46,45,473,45,4,0,0.000000,0.000000,
32,0,673462.000000,0.000000,510849.000000,9846.000000,21662.000000,47,45,473,45,4,0,0.000000,0.000000,
33,0,704256.000000,0.000000,527616.000000,12209.000000,16542.000000,48,45,457,45,4,0,0.000000,0.000000,
34,0,680017.000000,767.000000,579840.000000,2035.000000,3331.000000,49,45,473,45,4,0,0.000000,0.000000,
35,0,707752.000000,0.000000,575461.000000,11815.000000,22449.000000,50,45,473,45,4,0,0.000000,0.000000,
36,0,708480.000000,0.000000,610560.000000,18024.000000,31347.000000,51,45,10,45,4,0,0.000000,0.000000,
37,0,753792.000000,0.000000,604800.000000,23902.000000,40359.000000,51,52,10,52,4,0,0.000000,0.000000,
38,0,758650.000000,0.000000,584634.000000,8612.000000,11755.000000,53,24,10,24,4,0,0.000000,0.000000,
39,0,596846.000000,0.000000,1131107.000000,5486.000000,8229.000000,26,27,409,27,4,0,0.000000,0.000000,
40,0,601065.000000,1663.000000,986093.000000,1279.000000,2743.000000,54,27,494,27,4,0,0.000000,0.000000,
41,0,630428.000000,0.000000,990672.000000,4702.000000,9012.000000,55,27,469,27,4,0,0.000000,0.000000,
42,0,769336.000000,0.000000,520883.000000,46080.000000,59513.000000,56,37,444,37,4,0,0.000000,0.000000,
43,0,749492.000000,5148.000000,525102.000000,6962.000000,10136.000000,57,37,457,37,4,0,0.000000,0.000000,
44,0,631954.000000,0.000000,593793.000000,9404.000000,17241.000000,427,45,422,45,2,0,0.000000,0.000000,
45,0,659431.000000,0.000000,688803.000000,4310.000000,24294.000000,30,45,10,45,4,0,0.000000,0.000000,
46,0,747098.000000,5369.000000,504893.000000,8271.000000,14572.000000,59,33,457,33,4,0,0.000000,0.000000,
47,0,811530.000000,3835.000000,516986.000000,6564.000000,11028.000000,57,31,457,31,4,0,0.000000,0.000000,
48,0,737786.000000,5369.000000,475746.000000,15360.000000,20086.000000,60,45,60,45,4,0,0.000000,0.000000,
49,0,731145.000000,4123.000000,475480.000000,2253.000000,5908.000000,61,45,61,45,4,0,0.000000,0.000000,
50,0,674996.000000,2027.000000,912325.000000,9058.000000,12209.000000,23,45,456,45,4,0,0.000000,0.000000,
51,0,594662.000000,2913.000000,919693.000000,2363.000000,3043.000000,62,24,10,24,4,0,0.000000,0.000000,
52,0,592048.000000,2553.000000,916999.000000,2255.000000,3227.000000,62,24,10,24,4,0,0.000000,0.000000,
53,0,645849.000000,2301.000000,529258.000000,9452.000000,14572.000000,40,24,407,24,4,0,0.000000,0.000000,
54,0,115200.000000,0.000000,1094400.000000,90585.000000,95311.000000,12,63,10,63,4,0,0.000000,0.000000,
55,0,598018.000000,-1969.000000,665698.000000,9641.000000,12497.000000,64,13,10,13,4,0,0.000000,0.000000,
56,0,594410.000000,6025.000000,662270.000000,3151.000000,5120.000000,65,66,10,66,4,0,0.000000,0.000000,
57,0,671928.000000,0.000000,1044710.000000,11028.000000,21662.000000,67,66,10,66,4,0,0.000000,0.000000,
58,0,711814.000000,0.000000,734825.000000,15360.000000,48837.000000,29,37,499,37,4,0,0.000000,0.000000,
59,0,171183.000000,-7285.000000,1114234.000000,5908.000000,8341.000000,68,27,10,27,4,0,0.000000,0.000000,
60,0,162901.000000,-8437.000000,1115278.000000,5393.000000,8345.000000,69,13,10,13,4,0,0.000000,0.000000,
61,0,670740.000000,6341.000000,614555.000000,3771.000000,5554.000000,70,71,10,71,4,0,0.000000,0.000000,
62,0,724065.000000,0.000000,504713.000000,9601.000000,15360.000000,59,13,457,13,4,0,0.000000,0.000000,
63,0,757837.000000,6903.000000,628974.000000,7877.000000,10634.000000,72,52,10,52,4,0,0.000000,0.000000,
64,0,710172.000000,0.000000,1009426.000000,5762.000000,9058.000000,21,45,454,45,4,0,0.000000,0.000000,
65,0,737462.000000,1703.000000,1009584.000000,4436.000000,8271.000000,21,45,454,45,4,0,0.000000,0.000000,
66,0,722481.000000,997.000000,1003218.000000,3151.000000,7483.000000,21,22,454,22,4,0,0.000000,0.000000,
67,0,728977.000000,-241.000000,1041188.000000,6302.000000,11422.000000,21,22,454,22,4,0,0.000000,0.000000,
68,0,730223.000000,0.000000,977210.000000,5514.000000,8665.000000,16,22,496,22,4,0,0.000000,0.000000,
69,0,716560.000000,5441.000000,1018703.000000,1575.000000,2757.000000,74,15,74,15,4,0,0.000000,0.000000,
70,0,1180800.000000,0.000000,1180800.000000,23237.000000,33871.000000,75,15,10,15,4,0,0.000000,0.000000,
71,0,698894.000000,4051.000000,994085.000000,2253.000000,3581.000000,76,22,465,22,4,0,0.000000,0.000000,
72,0,673570.000000,7565.000000,858452.000000,13785.000000,20376.000000,77,78,471,78,4,0,0.000000,0.000000,
73,0,644315.000000,8437.000000,857552.000000,12209.000000,18221.000000,77,24,471,24,4,0,0.000000,0.000000,
74,0,685555.000000,12694.000000,877531.000000,1611.000000,3545.000000,77,24,471,24,4,0,0.000000,0.000000,
75,0,690783.000000,10071.000000,842809.000000,2757.000000,4726.000000,77,24,471,24,4,0,0.000000,0.000000,
76,0,650451.000000,14574.000000,874427.000000,7089.000000,11028.000000,77,24,471,24,4,0,0.000000,0.000000,
77,0,593586.000000,0.000000,931236.000000,15043.000000,17814.000000,79,24,578,24,3,0,0.000000,0.000000,
78,0,679959.000000,4281.000000,888284.000000,8665.000000,12209.000000,23,13,456,13,4,0,0.000000,0.000000,
79,0,764679.000000,4231.000000,493268.000000,4472.000000,5372.000000,80,24,10,24,3,0,0.000000,0.000000,
80,0,790075.000000,3705.000000,491014.000000,8665.000000,9846.000000,81,13,10,13,4,0,0.000000,0.000000,
81,0,747840.000000,3079.000000,561222.000000,4502.000000,7706.000000,82,37,444,37,4,0,0.000000,0.000000,
82,509,0.000000,0.000000,0.000000,0.000000,0.000000,394,391,8,11,3,0,0.000000,0.000000,
83,469,0.000000,0.000000,0.000000,0.000000,0.000000,85,86,10,11,5,0,0.000000,0.000000,
84,269,0.000000,0.000000,0.000000,0.000000,0.000000,87,88,10,11,4,0,0.000000,0.000000,
85,269,358975.000000,0.000000,681600.000000,19200.000000,28800.000000,89,90,89,90,4,0,0.000000,0.000000,
86,269,586091.000000,-1609.000000,533861.000000,15830.000000,52775.000000,91,92,91,92,4,0,0.000000,0.000000,
87,269,598292.000000,0.000000,500111.000000,14572.000000,16542.000000,93,94,10,11,4,0,0.000000,0.000000,
88,269,573113.000000,1163.000000,507341.000000,13238.000000,14966.000000,93,94,10,11,4,0,0.000000,0.000000,
89,269,555446.000000,0.000000,514004.000000,12031.000000,13854.000000,93,94,10,11,4,0,0.000000,0.000000,
90,269,538441.000000,0.000000,528000.000000,11445.000000,13785.000000,93,94,10,11,4,0,0.000000,0.000000,
91,269,544563.000000,0.000000,550340.000000,11059.000000,13467.000000,93,94,10,11,4,0,0.000000,0.000000,
92,269,571529.000000,0.000000,569001.000000,19298.000000,21662.000000,93,94,10,11,4,0,0.000000,0.000000,
93,269,607785.000000,0.000000,573149.000000,17723.000000,20086.000000,93,94,10,11,4,0,0.000000,0.000000,
94,269,624529.000000,0.000000,552270.000000,13461.000000,15754.000000,93,94,10,11,4,0,0.000000,0.000000,
95,269,627440.000000,0.000000,524656.000000,14966.000000,17329.000000,93,94,10,11,4,0,0.000000,0.000000,
96,269,613633.000000,0.000000,513918.000000,14178.000000,16935.000000,93,95,10,11,4,0,0.000000,0.000000,
97,36,0.000000,0.000000,0.000000,0.000000,0.000000,96,97,10,11,4,0,0.000000,0.000000,
98,36,557760.000000,0.000000,966720.000000,23040.000000,28800.000000,98,99,10,11,4,0,0.000000,0.000000,
99,36,633600.000000,0.000000,623232.000000,50688.000000,64512.000000,100,101,10,11,4,0,0.000000,0.000000,
179,429,0.000000,0.000000,0.000000,0.000000,0.000000,175,176,10,11,4,0,0.000000,0.000000,
180,429,643357.000000,0.000000,980805.000000,6765.000000,7701.000000,177,178,10,11,4,0,0.000000,0.000000,
181,429,-21633.000000,0.000000,-27989.000000,10151.000000,13391.000000,179,180,10,11,3,0,0.000000,0.000000,
182,429,-9005.000000,0.000000,-13879.000000,6302.000000,6302.000000,181,176,10,11,4,0,0.000000,0.000000,
183,429,253.000000,0.000000,-14012.000000,4940.000000,6515.000000,181,176,10,11,4,0,0.000000,0.000000,
184,429,-12799.000000,0.000000,-539.000000,7123.000000,8415.000000,182,183,10,11,4,0,0.000000,0.000000,
185,429,-28709.000000,0.000000,1289.000000,7343.000000,7735.000000,184,183,10,11,4,0,0.000000,0.000000,
186,429,16378.000000,-1897.000000,-10841.000000,6191.000000,6740.000000,185,186,10,11,4,0,0.000000,0.000000,
187,169,610565.000000,0.000000,501645.000000,25994.000000,39778.000000,187,188,10,11,4,0,0.000000,0.000000,
188,169,681133.000000,-3835.000000,699542.000000,31902.000000,41354.000000,189,188,10,11,4,0,0.000000,0.000000,
189,169,547200.000000,0.000000,566400.000000,55138.000000,72074.000000,190,188,10,11,4,0,0.000000,0.000000,
190,169,499200.000000,0.000000,748800.000000,40960.000000,51594.000000,191,188,10,11,4,0,0.000000,0.000000,
191,1,0.000000,0.000000,0.000000,0.000000,0.000000,192,193,10,193,3,0,0.000000,0.000000,
192,1,629766.000000,9971.000000,524656.000000,17723.000000,29538.000000,194,195,492,195,4,0,0.000000,0.000000,
193,1,701018.000000,0.000000,610025.000000,21268.000000,46334.000000,196,197,477,197,3,0,0.000000,0.000000,
194,1,558384.000000,875.000000,673030.000000,25994.000000,32435.000000,198,199,478,199,3,0,0.000000,0.000000,
195,1,773178.000000,0.000000,923518.000000,63015.000000,72468.000000,200,201,420,201,2,0,0.000000,0.000000,
196,1,725621.000000,9972.000000,329828.000000,33477.000000,44505.000000,202,203,482,203,4,0,0.000000,0.000000,
197,1,579883.000000,0.000000,428009.000000,42535.000000,54351.000000,204,193,426,193,4,0,0.000000,0.000000,
198,1,751680.000000,-5760.000000,744960.000000,40566.000000,54720.000000,205,206,495,206,4,0,0.000000,0.000000,
199,1,609989.000000,-5851.000000,350829.000000,27175.000000,44111.000000,204,207,426,207,4,0,0.000000,0.000000,
200,1,567744.000000,18816.000000,244416.000000,56448.000000,75264.000000,208,209,453,209,4,0,0.000000,0.000000,
201,1,627456.000000,0.000000,658176.000000,24812.000000,40704.000000,210,201,449,201,3,0,0.000000,0.000000,
202,1,636672.000000,1536.000000,712704.000000,26015.000000,38400.000000,210,211,449,211,3,0,0.000000,0.000000,
203,1,803859.000000,0.000000,633576.000000,40172.000000,63015.000000,212,201,451,201,4,0,0.000000,0.000000,
204,1,788880.000000,0.000000,572119.000000,36833.000000,55680.000000,212,213,451,11,4,0,0.000000,0.000000,
205,1,736684.000000,0.000000,663948.000000,16148.000000,31508.000000,214,215,477,215,3,0,0.000000,0.000000,
206,1,694939.000000,0.000000,688803.000000,20874.000000,34186.000000,214,215,477,215,3,0,0.000000,0.000000,
207,1,683229.000000,2301.000000,736360.000000,12025.000000,20874.000000,214,195,477,195,3,0,0.000000,0.000000,
208,1,666620.000000,-2985.000000,532327.000000,23631.000000,40960.000000,194,195,492,195,4,0,0.000000,0.000000,
209,1,705678.000000,0.000000,526190.000000,33083.000000,50018.000000,194,216,492,216,4,0,0.000000,0.000000,
210,1,741992.000000,0.000000,489372.000000,11379.000000,26782.000000,194,216,492,216,4,0,0.000000,0.000000,
211,1,654765.000000,0.000000,780726.000000,16542.000000,22127.000000,217,216,484,216,3,0,0.000000,0.000000,
212,1,671820.000000,0.000000,794547.000000,16296.000000,17329.000000,217,203,484,203,3,0,0.000000,0.000000,
213,1,725621.000000,0.000000,814598.000000,9846.000000,18117.000000,217,203,484,203,3,0,0.000000,0.000000,
214,1,655053.000000,6903.000000,460225.000000,17329.000000,34265.000000,218,203,480,203,4,0,0.000000,0.000000,
215,1,636644.000000,12334.000000,421873.000000,13391.000000,22843.000000,218,219,480,219,4,0,0.000000,0.000000,
216,1,668860.000000,11096.000000,391191.000000,25994.000000,34265.000000,218,219,480,219,4,0,0.000000,0.000000,
217,1,610565.000000,0.000000,783916.000000,21662.000000,37415.000000,220,221,425,221,4,0,0.000000,0.000000,
218,1,731965.000000,767.000000,551348.000000,8273.000000,13001.000000,222,223,222,223,4,0,0.000000,0.000000,
219,1,525722.000000,42187.000000,255638.000000,13215.000000,17365.000000,224,225,453,225,3,0,0.000000,0.000000,
220,1,656573.000000,0.000000,724087.000000,8665.000000,12997.000000,226,223,450,223,3,0,0.000000,0.000000,
221,1,727155.000000,0.000000,576815.000000,5120.000000,9099.000000,227,228,10,228,3,0,0.000000,0.000000,
222,1,573775.000000,0.000000,799257.000000,23298.000000,33871.000000,220,221,425,221,4,0,0.000000,0.000000,
223,1,693405.000000,7789.000000,602930.000000,4726.000000,8300.000000,229,219,10,219,3,0,0.000000,0.000000,
224,1,635794.000000,0.000000,617025.000000,10634.000000,23063.000000,230,207,483,207,4,0,0.000000,0.000000,
225,1,619445.000000,0.000000,573711.000000,18905.000000,25600.000000,232,213,483,213,4,0,0.000000,0.000000,
226,1,556872.000000,0.000000,584485.000000,11815.000000,23631.000000,232,233,483,233,4,0,0.000000,0.000000,
227,1,581403.000000,-169.000000,555410.000000,15754.000000,21662.000000,234,235,483,235,4,0,0.000000,0.000000,
228,1,567754.000000,0.000000,521588.000000,17219.000000,23914.000000,236,237,483,237,4,0,0.000000,0.000000,
229,1,550736.000000,0.000000,485138.000000,18551.000000,36628.000000,238,193,492,193,4,0,0.000000,0.000000,
230,1,754769.000000,0.000000,837609.000000,14966.000000,31902.000000,239,240,485,240,2,0,0.000000,0.000000,
231,1,707882.000000,0.000000,746054.000000,5408.000000,10240.000000,205,207,495,207,4,0,0.000000,0.000000,
232,1,633346.000000,11124.000000,439468.000000,3722.000000,5258.000000,241,242,480,242,4,0,0.000000,0.000000,
233,1,628974.000000,13954.000000,440916.000000,2939.000000,4726.000000,243,203,480,203,4,0,0.000000,0.000000,
234,1,665792.000000,2301.000000,711814.000000,3938.000000,5514.000000,210,244,449,244,3,0,0.000000,0.000000,
235,1,719031.000000,6903.000000,558406.000000,5730.000000,6482.000000,222,223,222,223,4,0,0.000000,0.000000,
236,1,686801.000000,767.000000,802073.000000,14178.000000,18013.000000,217,211,484,211,3,0,0.000000,0.000000,
237,1,707212.000000,0.000000,811530.000000,16874.000000,19161.000000,217,245,484,245,3,0,0.000000,0.000000,
238,1,857948.000000,0.000000,486556.000000,53957.000000,70105.000000,246,207,458,207,4,0,0.000000,0.000000,
239,1,770109.000000,0.000000,545867.000000,16542.000000,18117.000000,247,215,452,215,4,0,0.000000,0.000000,
240,1,512860.000000,0.000000,793121.000000,27963.000000,39385.000000,248,207,425,207,4,0,0.000000,0.000000,
241,1,535395.000000,-9972.000000,730223.000000,24812.000000,31508.000000,249,219,425,219,4,0,0.000000,0.000000,
242,1,808461.000000,0.000000,851416.000000,19404.000000,28751.000000,200,219,420,219,2,0,0.000000,0.000000,
243,1,724087.000000,0.000000,879029.000000,14178.000000,21268.000000,200,250,420,250,2,0,0.000000,0.000000,
244,1,712664.000000,0.000000,846669.000000,16935.000000,20874.000000,200,251,420,251,2,0,0.000000,0.000000,
245,1,708746.000000,0.000000,932722.000000,14966.000000,25600.000000,200,201,420,201,2,0,0.000000,0.000000,
246,1,564542.000000,0.000000,635110.000000,20480.000000,38597.000000,198,199,478,199,3,0,0.000000,0.000000,
247,1,790052.000000,0.000000,505131.000000,33659.000000,41000.000000,246,207,458,207,4,0,0.000000,0.000000,
248,1,661982.000000,-2301.000000,878727.000000,35446.000000,45195.000000,252,207,411,207,4,0,0.000000,0.000000,
249,1,578047.000000,0.000000,874427.000000,34265.000000,46055.000000,253,207,408,207,3,0,0.000000,0.000000,
250,1,489372.000000,0.000000,836075.000000,32295.000000,48049.000000,254,207,425,207,4,0,0.000000,0.000000,
251,1,780848.000000,0.000000,908177.000000,7483.000000,11422.000000,255,206,420,206,4,0,0.000000,0.000000,
252,1,724483.000000,0.000000,920953.000000,1287.000000,2719.000000,200,250,420,250,2,0,0.000000,0.000000,
253,1,777326.000000,0.000000,752636.000000,10634.000000,16794.000000,256,257,495,257,4,0,0.000000,0.000000,
254,1,604500.000000,4375.000000,533357.000000,6119.000000,9092.000000,258,259,492,259,4,0,0.000000,0.000000,
255,1,664114.000000,-9972.000000,857494.000000,16148.000000,28357.000000,419,251,417,251,4,0,0.000000,0.000000,
256,1,687233.000000,-9972.000000,889206.000000,8878.000000,17255.000000,252,207,411,207,4,0,0.000000,0.000000,
257,1,648831.000000,-9972.000000,892836.000000,9158.000000,16542.000000,252,207,411,207,4,0,0.000000,0.000000,
258,1,555937.500000,1769.133667,919140.125000,11981.433594,29501.494141,253,261,408,261,3,0,0.000000,0.000000,
259,1,763973.000000,17642.000000,354373.000000,44505.000000,49625.000000,262,263,424,263,2,0,0.000000,0.000000,
260,1,728689.000000,20710.000000,385091.000000,25600.000000,33871.000000,262,264,424,264,2,0,0.000000,0.000000,
261,1,786984.000000,26212.000000,407814.000000,22449.000000,27569.000000,262,257,424,257,2,0,0.000000,0.000000,
262,1,703964.000000,36051.000000,453108.000000,11890.000000,14966.000000,265,257,481,257,4,0,0.000000,0.000000,
263,1,678447.000000,45255.000000,430465.000000,7015.000000,8667.000000,265,259,481,259,4,0,0.000000,0.000000,
264,1,762439.000000,19176.000000,331362.000000,16148.000000,20874.000000,262,266,424,266,2,0,0.000000,0.000000,
265,1,720011.000000,53300.000000,417918.000000,13391.000000,16542.000000,267,219,481,219,4,0,0.000000,0.000000,
266,1,708976.000000,51392.000000,415700.000000,6302.000000,9058.000000,267,219,481,219,4,0,0.000000,0.000000,
267,1,495509.000000,0.000000,750166.000000,11815.000000,15360.000000,248,207,425,207,4,0,0.000000,0.000000,
268,1,546947.000000,0.000000,754921.000000,9601.000000,14572.000000,249,219,425,219,4,0,0.000000,0.000000,
269,1,596758.000000,-3835.000000,277669.000000,28357.000000,43717.000000,268,213,453,213,4,0,0.000000,0.000000,
270,1,775000.000000,31449.000000,447484.000000,11858.000000,16866.000000,269,213,269,213,2,0,0.000000,0.000000,
271,1,27613.000000,-14574.000000,29148.000000,22449.000000,31114.000000,270,213,10,11,4,0,0.000000,0.000000,
272,1,765175.000000,36051.000000,457854.000000,10634.000000,12965.000000,269,271,269,271,2,0,0.000000,0.000000,
273,1,684201.000000,2301.000000,613345.000000,4301.000000,6695.000000,272,271,10,271,3,0,0.000000,0.000000,
274,1,719701.000000,2099.000000,659007.000000,4332.000000,8665.000000,272,213,10,213,3,0,0.000000,0.000000,
275,1,690243.000000,2661.000000,652223.000000,4262.000000,8059.000000,272,271,10,271,3,0,0.000000,0.000000,
276,1,690337.000000,767.000000,776246.000000,6302.000000,8665.000000,273,274,10,274,3,0,0.000000,0.000000,
277,1,703690.000000,2063.000000,784550.000000,6302.000000,9236.000000,275,263,10,263,3,0,0.000000,0.000000,
278,1,622801.000000,0.000000,845495.000000,7089.000000,11028.000000,253,207,408,207,3,0,0.000000,0.000000,
279,1,639568.000000,-6903.000000,845481.000000,5908.000000,11028.000000,252,207,411,207,4,0,0.000000,0.000000,
280,1,681169.000000,0.000000,761993.000000,16148.000000,22843.000000,214,271,477,271,3,0,0.000000,0.000000,
281,1,694499.000000,2589.000000,783916.000000,1681.000000,2755.000000,275,271,10,271,3,0,0.000000,0.000000,
282,1,688875.000000,-10102.000000,864754.000000,4589.000000,7089.000000,252,276,411,276,4,0,0.000000,0.000000,
283,1,678208.000000,-10116.000000,867953.000000,5656.000000,8271.000000,252,259,411,259,4,0,0.000000,0.000000,
284,1,667362.000000,-10152.000000,861002.000000,4510.000000,6371.000000,252,257,411,257,4,0,0.000000,0.000000,
285,1,660542.000000,-9864.000000,863976.000000,644.000000,2039.000000,252,216,411,216,4,0,0.000000,0.000000,
286,1,653663.000000,-10498.000000,866397.000000,4618.000000,6302.000000,252,277,411,277,4,0,0.000000,0.000000,
287,1,651733.000000,-10332.000000,856184.000000,3938.000000,5514.000000,252,257,411,257,4,0,0.000000,0.000000,
288,1,646209.000000,-10376.000000,852950.000000,2573.000000,4294.000000,252,257,411,257,4,0,0.000000,0.000000,
289,1,662472.000000,-5369.000000,323691.000000,13391.000000,31508.000000,204,257,426,257,4,0,0.000000,0.000000,
290,1,641246.000000,11506.000000,400396.000000,7089.000000,12603.000000,218,257,480,257,4,0,0.000000,0.000000,
291,1,632042.000000,9972.000000,452554.000000,4332.000000,12603.000000,218,257,480,257,4,0,0.000000,0.000000,
292,1,569253.000000,6557.000000,607497.000000,3725.000000,6749.000000,278,257,10,257,3,0,0.000000,0.000000,
293,1,587878.000000,2877.000000,619589.000000,4332.000000,7585.000000,279,257,10,257,3,0,0.000000,0.000000,
294,1,649047.000000,6449.000000,510237.000000,3441.000000,6695.000000,280,201,492,201,4,0,0.000000,0.000000,
295,1,624372.000000,2301.000000,539601.000000,5908.000000,10240.000000,281,282,492,282,4,0,0.000000,0.000000,
296,1,733593.000000,3835.000000,526824.000000,9315.000000,11959.000000,283,282,492,282,4,0,0.000000,0.000000,
297,1,547667.000000,2805.000000,607497.000000,4726.000000,10634.000000,284,285,478,285,3,0,0.000000,0.000000,
298,1,526154.000000,3835.000000,693873.000000,7123.000000,12815.000000,284,223,478,223,3,0,0.000000,0.000000,
299,1,632042.000000,2301.000000,497043.000000,6626.000000,12209.000000,286,219,492,219,4,0,0.000000,0.000000,
300,1,617803.000000,0.000000,480168.000000,9099.000000,16224.000000,287,219,492,219,4,0,0.000000,0.000000,
301,1,597334.000000,0.000000,497201.000000,10240.000000,17750.000000,287,203,492,203,4,0,0.000000,0.000000,
302,1,789931.000000,36051.000000,443350.000000,5120.000000,7089.000000,269,206,269,206,2,0,0.000000,0.000000,
303,1,789728.000000,29015.000000,408880.000000,1110.000000,3041.000000,288,206,424,206,2,0,0.000000,0.000000,
304,1,794201.000000,30801.000000,412668.000000,3545.000000,5514.000000,288,206,424,206,2,0,0.000000,0.000000,
305,1,590802.000000,4901.000000,683927.000000,5658.000000,7017.000000,289,193,10,193,3,0,0.000000,0.000000,
306,1,517994.000000,2279.000000,660015.000000,10634.000000,15324.000000,290,193,478,193,3,0,0.000000,0.000000,
307,1,546133.000000,1451.000000,682869.000000,5514.000000,9452.000000,291,203,10,203,3,0,0.000000,0.000000,
308,1,551622.000000,241.000000,833209.000000,10634.000000,13391.000000,292,293,408,293,4,0,0.000000,0.000000,
309,1,518520.000000,-349.000000,612099.000000,7877.000000,12603.000000,294,271,478,271,3,0,0.000000,0.000000,
310,1,593344.000000,3727.000000,597046.000000,4610.000000,6335.000000,230,207,483,207,4,0,0.000000,0.000000,
311,1,579955.000000,2949.000000,579343.000000,5192.000000,8097.000000,230,207,483,207,4,0,0.000000,0.000000,
312,1,731469.000000,4339.000000,508703.000000,5410.000000,6382.000000,295,206,492,206,4,0,0.000000,0.000000,
313,1,595404.000000,1811.000000,520616.000000,5620.000000,9454.000000,295,293,492,292,4,0,0.000000,0.000000,
314,1,600978.000000,-1091.000000,850840.000000,19303.000000,19303.000000,253,261,408,261,3,0,0.000000,0.000000,
315,1,556260.000000,407.000000,857444.000000,2399.000000,3151.000000,296,207,408,207,3,0,0.000000,0.000000,
316,1,572465.000000,0.000000,866050.000000,2075.000000,2757.000000,296,207,408,207,3,0,0.000000,0.000000,
317,1,545355.000000,-133.000000,900592.000000,4510.000000,5514.000000,296,207,408,207,3,0,0.000000,0.000000,
318,44,0.000000,0.000000,0.000000,0.000000,0.000000,297,298,10,11,4,0,0.000000,0.000000,
319,189,0.000000,0.000000,0.000000,0.000000,0.000000,299,300,10,11,4,0,0.000000,0.000000,
320,249,0.000000,0.000000,0.000000,0.000000,0.000000,301,302,10,11,4,0,0.000000,0.000000,
321,30,0.000000,0.000000,0.000000,0.000000,0.000000,303,304,10,304,2,0,0.000000,0.000000,
322,37,610565.000000,0.000000,501645.000000,25994.000000,39778.000000,305,306,10,11,4,0,0.000000,0.000000,
323,489,610565.000000,0.000000,501645.000000,25994.000000,39778.000000,307,308,10,11,4,0,0.000000,0.000000,
324,489,561214.000000,9634.000000,562009.000000,7661.000000,10382.000000,307,308,10,11,4,0,0.000000,0.000000,
325,489,561826.000000,11254.000000,580871.000000,7733.000000,10634.000000,309,310,10,11,3,0,0.000000,0.000000,
326,529,0.000000,0.000000,0.000000,0.000000,0.000000,311,312,10,11,4,0,0.000000,0.000000,
327,529,580378.000000,0.000000,580378.000000,28357.000000,38400.000000,313,314,10,11,4,0,0.000000,0.000000,
328,129,610565.000000,0.000000,501645.000000,25994.000000,39778.000000,315,316,10,11,4,0,0.000000,0.000000,
329,129,576000.000000,0.000000,537600.000000,38400.000000,57600.000000,317,316,10,11,4,0,0.000000,0.000000,
330,47,0.000000,0.000000,0.000000,0.000000,0.000000,318,319,10,11,4,0,0.000000,0.000000,
331,47,557760.000000,0.000000,966720.000000,23040.000000,28800.000000,318,319,10,11,4,0,0.000000,0.000000,
332,47,633600.000000,0.000000,623232.000000,50688.000000,64512.000000,318,319,10,11,4,0,0.000000,0.000000,
333,289,0.000000,0.000000,0.000000,0.000000,0.000000,320,321,10,11,4,0,0.000000,0.000000,
334,289,358975.000000,0.000000,681600.000000,19200.000000,28800.000000,322,323,10,11,4,0,0.000000,0.000000,
335,289,610565.000000,-1609.000000,610565.000000,38597.000000,38597.000000,324,325,10,11,4,0,0.000000,0.000000,
336,33,753792.000000,0.000000,604800.000000,23902.000000,40359.000000,326,327,10,11,4,0,0.000000,0.000000,
337,33,543065.000000,0.000000,616701.000000,44898.000000,48000.000000,328,329,10,11,4,0,0.000000,0.000000,
338,35,0.000000,0.000000,0.000000,0.000000,0.000000,330,331,10,11,4,0,0.000000,0.000000,
339,35,557760.000000,0.000000,966720.000000,23040.000000,28800.000000,332,333,10,11,4,0,0.000000,0.000000,
340,35,633600.000000,0.000000,623232.000000,50688.000000,64512.000000,334,335,10,11,4,0,0.000000,0.000000,
341,329,0.000000,0.000000,0.000000,0.000000,0.000000,336,337,10,11,4,0,0.000000,0.000000,
342,329,358975.000000,0.000000,681600.000000,19200.000000,28800.000000,338,339,10,11,4,0,0.000000,0.000000,
343,329,682667.000000,-1609.000000,1044710.000000,59077.000000,87040.000000,340,341,10,11,4,0,0.000000,0.000000,
344,209,610565.000000,0.000000,501645.000000,25994.000000,39778.000000,342,343,10,11,4,0,0.000000,0.000000,
345,209,575281.000000,0.000000,550736.000000,19200.000000,27569.000000,344,345,10,11,4,0,0.000000,0.000000,
346,13,0.000000,0.000000,0.000000,0.000000,0.000000,346,347,10,11,4,0,0.000000,0.000000,
347,13,614016.000000,0.000000,999168.000000,18432.000000,20736.000000,348,349,10,11,4,0,0.000000,0.000000,
348,13,715968.000000,0.000000,985344.000000,17280.000000,20160.000000,350,349,10,11,4,0,0.000000,0.000000,
349,13,736320.000000,0.000000,806400.000000,25920.000000,28800.000000,351,349,10,11,4,0,0.000000,0.000000,
350,13,566400.000000,0.000000,976320.000000,16320.000000,19680.000000,352,349,10,11,4,0,0.000000,0.000000,
351,13,683904.000000,5760.000000,991104.000000,10752.000000,13056.000000,353,349,10,11,4,0,0.000000,0.000000,
352,13,722304.000000,0.000000,1031808.000000,17280.000000,21888.000000,354,349,10,11,4,0,0.000000,0.000000,
353,13,670080.000000,768.000000,564480.000000,15744.000000,17664.000000,355,349,10,11,4,0,0.000000,0.000000,
354,13,652800.000000,0.000000,879744.000000,36864.000000,40320.000000,356,349,10,11,4,0,0.000000,0.000000,
355,13,571584.000000,0.000000,998400.000000,18432.000000,21888.000000,357,349,10,11,4,0,0.000000,0.000000,
356,13,614400.000000,0.000000,1094400.000000,63744.000000,72192.000000,358,349,10,11,4,0,0.000000,0.000000,
357,13,652800.000000,0.000000,998400.000000,17664.000000,21504.000000,359,349,10,11,4,0,0.000000,0.000000,
358,13,633600.000000,0.000000,998400.000000,18432.000000,22272.000000,359,349,10,11,4,0,0.000000,0.000000,
359,13,676800.000000,19008.000000,816000.000000,19008.000000,24768.000000,360,349,10,11,4,0,0.000000,0.000000,
360,13,710400.000000,9216.000000,864000.000000,21120.000000,24576.000000,361,349,10,11,4,0,0.000000,0.000000,
361,13,683520.000000,0.000000,751872.000000,23040.000000,61440.000000,362,349,10,11,4,0,0.000000,0.000000,
362,13,710400.000000,0.000000,691200.000000,19968.000000,23040.000000,363,349,10,11,4,0,0.000000,0.000000,
363,13,633600.000000,0.000000,633600.000000,17664.000000,19200.000000,364,349,10,11,4,0,0.000000,0.000000,
364,13,569856.000000,3456.000000,622848.000000,14592.000000,18432.000000,365,349,10,11,4,0,0.000000,0.000000,
365,309,0.000000,0.000000,0.000000,0.000000,0.000000,366,367,10,11,4,0,0.000000,0.000000,
366,309,358975.000000,0.000000,681600.000000,19200.000000,28800.000000,368,369,10,11,4,0,0.000000,0.000000,
367,309,682667.000000,-1609.000000,1044710.000000,59077.000000,87040.000000,370,371,10,11,4,0,0.000000,0.000000,
368,309,660910.000000,1847.000000,1030041.000000,4546.000000,5586.000000,372,371,10,11,4,0,0.000000,0.000000,
369,309,673915.000000,479.000000,1038939.000000,3655.000000,4978.000000,373,371,10,11,4,0,0.000000,0.000000,
370,309,668872.000000,1343.000000,1038158.000000,1398.000000,2615.000000,373,371,10,11,4,0,0.000000,0.000000,
371,309,681996.000000,2373.000000,1042517.000000,1863.000000,2365.000000,374,375,10,11,4,0,0.000000,0.000000,
372,309,681564.000000,1941.000000,1044738.000000,1326.000000,1897.000000,374,376,10,11,4,0,0.000000,0.000000,
374,530,0.000000,0.000000,0.000000,0.000000,0.000000,379,380,503,380,2,0,0.000000,0.000000,
377,530,471893.156250,1043.821777,622067.750000,42304.203125,46230.898438,384,385,384,11,4,0,0.000000,0.000000,
378,530,885908.937500,5039.948730,331733.500000,11413.288086,15770.162109,399,383,399,383,4,0,0.000000,0.000000,
379,532,0.000000,0.000000,0.000000,0.000000,0.000000,386,387,10,11,4,0,0.000000,0.000000,
415,531,0.000000,0.000000,0.000000,479.604156,837.261963,8,392,10,11,3,0,0.000000,0.000000,
418,530,293487.000000,-326.268555,706311.250000,65647.039063,76035.093750,396,491,396,491,3,0,0.000000,0.000000,
439,530,836808.437500,986.557495,321875.062500,4648.133789,9623.321289,399,383,399,383,3,0,0.000000,0.000000,
443,530,844870.937500,1345.175293,394838.531250,67991.867188,73033.882813,399,383,399,383,4,0,0.000000,0.000000,
450,530,840546.250000,2663.928467,386273.281250,15266.333008,18638.269531,433,9,407,11,3,0,0.000000,0.000000,
451,530,436394.687500,-3753.116455,735553.187500,21360.484375,27643.523438,500,9,500,11,3,0,0.000000,0.000000,
453,530,1005894.875000,1812.188477,682951.062500,6444.525391,10743.351563,488,505,488,505,3,0,0.000000,0.000000,
454,530,1070309.125000,459.008789,798701.500000,75390.406250,89410.578125,460,439,502,439,3,0,0.000000,0.000000,
455,530,383337.625000,94.249077,510160.937500,57491.679688,71907.640625,438,9,438,11,3,0,0.000000,0.000000,
458,530,425478.656250,-1658.098511,680243.875000,26052.617188,31068.568359,435,441,435,441,3,0,0.000000,0.000000,
460,530,382782.437500,823.062622,607303.125000,25236.371094,30991.417969,432,506,432,506,3,0,0.000000,0.000000,
462,530,341520.781250,1498.885986,601310.500000,27441.054688,32466.373047,432,506,432,506,3,0,0.000000,0.000000,
465,530,844677.875000,2820.701172,317673.468750,4027.412109,7894.372559,399,383,399,383,3,0,0.000000,0.000000,
466,530,860997.375000,2519.655029,334125.812500,8393.256836,14778.421875,399,383,399,383,4,0,0.000000,0.000000,
467,530,856108.687500,36.960770,265578.031250,10322.432617,13306.521484,442,380,442,380,3,0,0.000000,0.000000,
468,530,487940.031250,2158.522461,608494.750000,4902.114258,6667.045898,446,518,446,518,3,0,0.000000,0.000000,
469,530,490302.187500,2254.597656,599578.625000,5471.604492,7923.320801,446,518,446,518,3,0,0.000000,0.000000,
470,530,861560.875000,583.938354,272467.593750,6400.019531,8946.703125,442,380,442,380,3,0,0.000000,0.000000,
471,530,861455.750000,579.879639,255719.703125,5059.702148,6946.452148,442,380,442,380,3,0,0.000000,0.000000,
472,530,900592.312500,5967.650391,367471.500000,15745.006836,25241.220703,448,383,448,383,3,0,0.000000,0.000000,
474,530,849266.000000,3509.342773,386174.093750,6610.692383,6610.692383,433,9,407,11,3,0,0.000000,0.000000,
493,543,0.000000,0.000000,0.000000,45.267715,95.805443,384,385,384,11,3,0,0.000000,0.000000,
496,530,1032329.375000,418.640137,664830.187500,47304.964844,59722.972656,487,505,488,486,3,0,0.000000,0.000000,
498,530,1046923.812500,986.317078,700536.125000,6813.483398,9884.920898,436,505,488,486,3,0,0.000000,0.000000,
500,530,366134.625000,5116.280273,487712.781250,16178.888672,20574.705078,504,9,504,11,3,0,0.000000,0.000000,
501,530,1015400.500000,2663.569336,669921.562500,3724.390869,7222.005859,488,505,488,505,3,0,0.000000,0.000000,
502,530,531684.937500,557.238403,482203.312500,69625.429688,83487.929688,508,553,508,553,3,0,0.000000,0.000000,
503,530,397738.062500,5034.019043,546559.812500,8126.578613,10445.738281,504,9,504,11,3,0,0.000000,0.000000,
504,530,383291.812500,2964.334717,719429.250000,3626.532715,6005.433105,510,491,510,491,3,0,0.000000,0.000000,
505,530,824990.875000,-125.566673,330034.000000,10332.350586,13135.447266,399,383,399,383,3,0,0.000000,0.000000,
506,530,419353.500000,4954.140137,498448.156250,7355.440918,9538.287109,504,9,504,11,3,0,0.000000,0.000000,
507,530,415141.312500,5264.041016,508108.187500,7355.440918,9538.287109,504,9,504,11,3,0,0.000000,0.000000,
509,530,397517.437500,5312.149414,531174.187500,8220.544922,11441.482422,504,9,504,11,3,0,0.000000,0.000000,
510,530,367150.687500,5816.782715,544264.875000,7293.352051,12212.462891,525,225,525,225,3,0,0.000000,0.000000,
512,530,302989.593750,86.247192,591812.125000,38896.812500,43866.500000,432,506,432,506,3,0,0.000000,0.000000,
515,553,0.000000,0.000000,0.000000,28948.283203,28948.283203,521,9,521,11,3,0,0.000000,0.000000,
519,530,578679.312500,3366.615234,752056.625000,52140.375000,61880.660156,513,526,513,526,3,0,0.000000,0.000000,
520,530,549613.250000,3792.486328,623704.125000,64031.359375,72055.382813,384,385,384,11,4,0,0.000000,0.000000,
521,530,490813.718750,6140.768555,659193.562500,10303.188477,15160.021484,384,385,384,11,4,0,0.000000,0.000000,
523,530,426426.843750,844.256836,615486.187500,6369.459473,8740.990234,432,506,432,506,3,0,0.000000,0.000000,
526,530,301467.125000,664.727966,616657.937500,5709.194824,8989.666992,516,506,516,506,3,0,0.000000,0.000000,
527,530,296055.156250,751.609314,616357.750000,5709.194824,9246.291992,516,506,516,506,3,0,0.000000,0.000000,
528,530,406494.031250,-855.601868,633003.687500,22871.843750,27213.048828,432,506,432,506,3,0,0.000000,0.000000,
531,530,394805.218750,1050.064575,649905.750000,8158.748047,11330.551758,432,506,432,506,3,0,0.000000,0.000000,
533,530,484203.906250,1223.485229,671232.062500,6201.453125,10089.882813,384,385,384,11,4,0,0.000000,0.000000,
536,530,349582.156250,145.797455,699538.500000,47587.226563,58809.113281,396,491,396,491,3,0,0.000000,0.000000,
539,530,362220.562500,-321.109314,653279.437500,17525.785156,24894.257813,396,491,396,491,3,0,0.000000,0.000000,
540,530,281024.875000,2533.487061,679893.187500,5485.155762,7512.299316,555,519,555,519,3,0,0.000000,0.000000,
541,530,290188.343750,-425.867950,660469.687500,4702.176758,7928.365723,555,519,555,519,3,0,0.000000,0.000000,
542,530,286225.875000,2624.508545,654256.437500,2968.891602,3749.758301,555,519,555,519,3,0,0.000000,0.000000,
543,550,0.000000,0.000000,0.000000,109.711746,441.666321,521,9,521,11,3,0,0.000000,0.000000,
544,554,0.000000,0.000000,0.000000,103.552948,495.012512,521,9,521,11,3,0,0.000000,0.000000,
545,552,0.000000,0.000000,0.000000,95.940628,517.751831,521,9,521,11,3,0,0.000000,0.000000,
547,530,969646.062500,-18560.294922,736379.312500,7893.227051,13506.835938,522,9,10,11,3,0,0.000000,0.000000,
548,530,969651.437500,-18335.519531,766485.625000,15133.708008,20533.845703,525,9,10,11,3,0,0.000000,0.000000,
570,530,455420.968750,244.317810,685855.562500,22435.658203,26159.839844,435,441,435,441,3,0,0.000000,0.000000,
577,530,493162.656250,35.241844,697705.062500,16774.966797,20967.792969,435,441,435,441,3,0,0.000000,0.000000,
578,530,483861.468750,9188.312500,747154.687500,18295.847656,24574.269531,435,441,435,441,3,0,0.000000,0.000000,
579,530,474874.187500,97.135109,712717.187500,11529.296875,16505.488281,435,441,435,441,3,0,0.000000,0.000000,
582,530,367246.406250,5057.210938,553475.062500,5273.174805,7232.114746,525,225,525,225,3,0,0.000000,0.000000,
584,530,465268.687500,3386.217285,653648.000000,5501.130371,7215.912109,527,441,527,11,3,0,0.000000,0.000000,
586,530,438851.781250,1066.578735,623139.312500,10913.998047,13016.517578,384,385,384,11,3,0,0.000000,0.000000,
591,566,0.000000,0.000000,0.000000,5.191248,722.551453,532,9,532,11,3,0,0.000000,0.000000,
592,564,0.000000,0.000000,0.000000,20.677402,263.461273,604,306,604,306,3,0,0.000000,0.000000,
595,530,427873.906250,787.819885,646124.187500,7088.254883,8076.009766,432,506,432,506,3,0,0.000000,0.000000,
596,530,468801.375000,3459.300293,659796.875000,3375.434570,3953.466553,527,441,527,11,3,0,0.000000,0.000000,
602,530,458604.468750,182.756165,754521.000000,2304.366699,3056.558350,565,441,564,441,3,0,0.000000,0.000000,
604,530,496956.750000,111.684799,701038.125000,500.966522,1944.483276,511,441,511,441,3,0,0.000000,0.000000,
605,530,498011.218750,-121.521584,698842.187500,1308.637329,1944.483276,511,441,511,441,3,0,0.000000,0.000000,
606,530,497520.500000,-32.369240,696935.750000,500.966522,1944.483276,511,441,511,441,3,0,0.000000,0.000000,
609,530,499153.906250,61.513214,700716.312500,500.966522,1944.483276,511,441,511,441,3,0,0.000000,0.000000,
610,530,496095.468750,-23.013556,698961.187500,500.966522,1944.483276,511,441,511,441,3,0,0.000000,0.000000,
611,568,0.000000,0.000000,0.000000,11.360697,11.360697,448,345,448,345,3,0,0.000000,0.000000,
612,542,0.000000,0.000000,0.000000,9.801495,10.000000,384,9,384,11,3,0,0.000000,0.000000,
623,530,436860.968750,-2290.063965,770771.937500,18125.796875,23037.207031,500,441,500,441,3,0,0.000000,0.000000,
625,530,459241.593750,-744.302246,731395.437500,7389.658691,10982.646484,500,9,500,11,3,0,0.000000,0.000000,
627,530,413409.062500,10.486842,718623.437500,9147.835938,12238.582031,500,9,500,11,3,0,0.000000,0.000000,
628,530,441499.281250,123.317673,714259.062500,6622.382813,10141.892578,500,9,500,11,3,0,0.000000,0.000000,
629,530,453818.593750,-644.235229,719574.562500,5490.339844,11095.831055,500,9,500,11,3,0,0.000000,0.000000,
631,530,431846.125000,3906.723145,599822.250000,6204.104980,9396.956055,514,506,514,506,3,0,0.000000,0.000000,
633,530,420093.312500,271.143036,599916.312500,7252.108887,11082.808594,514,506,514,506,3,0,0.000000,0.000000,
636,530,417894.500000,-369.108826,589980.187500,7252.108887,11082.808594,514,506,514,506,3,0,0.000000,0.000000,
637,530,428675.750000,758.697266,582877.625000,9915.138672,14935.352539,514,506,514,506,3,0,0.000000,0.000000,
638,530,410000.562500,892.950623,583956.687500,4695.312500,10040.220703,514,506,514,506,3,0,0.000000,0.000000,
639,555,0.000000,0.000000,0.000000,37.207218,500.000000,500,9,500,11,3,0,0.000000,0.000000,
640,556,0.000000,0.000000,0.000000,32.280956,32.607018,500,9,500,11,3,0,0.000000,0.000000,
641,557,0.000000,0.000000,0.000000,99.002502,123.893272,500,9,500,11,3,0,0.000000,0.000000,
642,558,0.000000,0.000000,0.000000,9.900249,10.000000,500,9,500,11,3,0,0.000000,0.000000,
643,530,507564.875000,-166.930954,663281.500000,3233.513672,4494.121582,533,9,533,11,3,0,0.000000,0.000000,
645,530,502701.000000,-2314.725342,668529.375000,4761.263184,7240.702148,533,9,533,11,3,0,0.000000,0.000000,
646,530,560657.812500,576.207275,655540.812500,4490.807129,5917.512207,534,9,533,11,3,0,0.000000,0.000000,
647,530,558247.875000,1052.100342,648967.687500,4228.577148,5409.510254,534,9,533,11,3,0,0.000000,0.000000,
648,530,557646.812500,1255.355225,643148.812500,4075.998291,5376.543457,534,9,533,11,3,0,0.000000,0.000000,
650,530,502024.906250,1200.312378,661353.375000,2113.903564,2893.369873,533,9,533,11,3,0,0.000000,0.000000,
651,530,534494.375000,10810.750000,581054.625000,6565.839844,8354.355469,446,518,446,518,3,0,0.000000,0.000000,
652,530,526499.125000,10361.143555,584869.812500,6565.839844,8354.355469,446,9,446,11,3,0,0.000000,0.000000,
653,530,535786.937500,4284.225098,599857.687500,2931.354736,4604.987793,558,518,558,518,3,0,0.000000,0.000000,
654,530,524561.750000,5342.036133,599998.937500,2233.115234,3540.388184,558,518,558,518,3,0,0.000000,0.000000,
655,530,515084.875000,7386.827148,595262.062500,2446.229492,3722.661865,558,518,558,518,3,0,0.000000,0.000000,
657,530,352904.437500,13093.865234,559088.562500,9908.500000,12034.277344,554,9,554,11,3,0,0.000000,0.000000,
658,530,420884.093750,9505.787109,469860.812500,8485.611328,10797.303711,525,9,525,11,3,0,0.000000,0.000000,
659,530,418191.250000,5367.221191,536322.437500,5091.560059,6458.156738,554,9,554,11,3,0,0.000000,0.000000,
660,530,420771.656250,4747.286133,546163.812500,5091.560059,6458.156738,554,9,554,11,3,0,0.000000,0.000000,
661,530,363486.343750,13151.186523,507643.531250,7111.727051,9579.087891,554,9,554,11,3,0,0.000000,0.000000,
662,530,440430.343750,10012.782227,509485.625000,3406.131592,4292.577148,554,538,554,11,3,0,0.000000,0.000000,
663,530,530322.000000,3023.967285,536448.562500,6141.605469,7351.604004,539,553,539,553,3,0,0.000000,0.000000,
666,530,506645.437500,4617.253906,465269.031250,9799.183594,10262.445313,552,209,552,209,3,0,0.000000,0.000000,
667,530,508660.468750,4310.913086,455769.000000,5723.367188,6095.376465,552,209,552,209,3,0,0.000000,0.000000,
668,530,497460.718750,4844.199707,468157.625000,5951.356934,6439.240723,552,209,552,209,3,0,0.000000,0.000000,
669,530,506125.593750,12387.402344,465533.687500,4833.855469,5642.013184,552,209,552,209,3,0,0.000000,0.000000,
670,530,497348.906250,5992.588867,444466.750000,3847.083740,5157.805176,520,553,520,553,3,0,0.000000,0.000000,
671,530,500967.750000,6135.943359,444978.500000,3864.909424,5157.805176,520,553,520,553,3,0,0.000000,0.000000,
672,530,492136.062500,5903.568359,455220.000000,4014.141846,5478.339355,520,553,520,553,3,0,0.000000,0.000000,
673,530,508402.687500,5130.602539,489104.375000,7080.139648,7320.245117,552,209,552,209,3,0,0.000000,0.000000,
674,530,517516.406250,5323.696777,497231.000000,3661.166016,4375.747559,520,553,520,553,3,0,0.000000,0.000000,
675,530,517506.125000,5678.601074,491884.312500,1847.758057,2443.969727,520,553,520,553,3,0,0.000000,0.000000,
676,530,537276.500000,2730.944824,533753.312500,8176.273438,9559.974609,539,553,539,553,3,0,0.000000,0.000000,
677,530,539937.312500,3233.100586,524750.312500,5865.311523,6835.630859,539,553,539,553,3,0,0.000000,0.000000,
681,530,444946.687500,5559.703125,545614.250000,13331.634766,16417.392578,504,9,504,11,3,0,0.000000,0.000000,
682,530,608414.875000,2581.229980,803332.937500,15714.590820,18917.136719,513,526,513,526,3,0,0.000000,0.000000,
683,530,502708.312500,12146.798828,757399.000000,10789.648438,12946.739258,435,441,435,441,3,0,0.000000,0.000000,
694,530,502878.187500,1820.988037,720536.812500,6456.407227,8219.056641,559,526,547,526,3,0,0.000000,0.000000,
695,530,490256.812500,8.233951,721279.562500,4127.177734,6664.988281,435,441,435,441,3,0,0.000000,0.000000,
702,530,516062.406250,4068.908447,732134.125000,12695.359375,14526.957031,563,526,563,526,3,0,0.000000,0.000000,
703,530,523063.468750,5328.452148,716020.125000,13929.825195,16189.066406,563,526,563,526,3,0,0.000000,0.000000,
704,530,535667.125000,3755.928711,700414.187500,8808.471680,13616.414063,547,526,547,526,3,0,0.000000,0.000000,
709,530,516585.843750,4092.554932,505615.562500,1597.194336,2186.994629,520,553,520,553,3,0,0.000000,0.000000,
710,530,518182.937500,5621.416016,490348.500000,1597.194336,2186.994629,520,553,520,553,3,0,0.000000,0.000000,
718,530,478507.031250,5792.050781,512891.625000,26186.251953,30022.753906,508,553,508,553,3,0,0.000000,0.000000,
721,530,443501.000000,8639.347656,488107.656250,13224.141602,16380.176758,438,9,438,11,3,0,0.000000,0.000000,
722,540,0.000000,0.000000,0.000000,10.201000,12.050891,384,9,384,11,3,0,0.000000,0.000000,
723,530,275866.687500,2446.376465,678830.125000,3151.416504,4031.915771,555,519,555,519,3,0,0.000000,0.000000,
729,560,0.000000,0.000000,0.000000,9.643213,10.000000,122,123,10,123,3,0,0.000000,0.000000,
730,560,534647.812500,6071.708984,530605.125000,31564.406250,32422.550781,557,123,557,123,3,0,0.000000,0.000000,
732,560,534870.437500,4540.969238,550587.875000,31564.406250,32422.550781,557,123,557,123,3,0,0.000000,0.000000,
734,530,412560.312500,9556.613281,551829.625000,3380.352051,4698.964355,560,9,560,11,3,0,0.000000,0.000000,
735,530,415038.875000,9750.906250,556669.500000,4528.966797,5659.513184,560,9,560,11,3,0,0.000000,0.000000,
736,530,421424.593750,9610.454102,556385.062500,4399.529785,5096.676270,560,9,560,11,3,0,0.000000,0.000000,
737,530,426508.406250,9610.027344,554891.375000,3725.170410,4812.248047,560,9,560,11,3,0,0.000000,0.000000,
742,530,457415.000000,-334.577576,759828.562500,11060.827148,15961.527344,500,441,500,441,3,0,0.000000,0.000000,
743,530,522213.968750,3244.273193,751536.312500,4491.687988,7184.229492,566,9,566,11,3,0,0.000000,0.000000,
744,530,522358.968750,5254.833008,758767.187500,4491.687988,7184.229492,566,9,566,11,3,0,0.000000,0.000000,
745,530,554881.187500,5894.166992,773539.500000,3757.797607,5016.216309,567,9,567,11,3,0,0.000000,0.000000,
747,530,438516.687500,9641.053711,482983.093750,4123.106445,5420.900879,568,9,568,11,3,0,0.000000,0.000000,
750,530,411256.406250,667.064453,759631.750000,9469.926758,12900.158203,500,441,500,441,3,0,0.000000,0.000000,
751,530,390027.531250,-1156.182495,762864.000000,13386.798828,17055.109375,435,441,435,441,3,0,0.000000,0.000000,
752,571,0.000000,0.000000,0.000000,32.581490,46.138130,569,648,569,648,3,0,0.000000,0.000000,
753,560,593093.812500,-5998.502930,604070.750000,30643.232422,32722.537109,557,557,557,557,3,0,0.000000,0.000000,
754,560,566441.875000,-2411.674072,585042.187500,20143.330078,23385.039063,557,557,557,557,3,0,0.000000,0.000000,
755,530,436394.687500,-3753.116455,735553.187500,7860.121582,9113.690430,570,9,570,11,3,0,0.000000,0.000000,
764,530,463117.312500,166.318985,778242.625000,14698.292969,16518.531250,500,9,500,11,3,0,0.000000,0.000000,
765,530,461585.625000,124.878372,751941.500000,2304.366699,3056.558350,565,441,564,441,3,0,0.000000,0.000000,
766,530,463290.718750,-169.330841,754674.437500,2304.366699,3056.558350,565,441,564,441,3,0,0.000000,0.000000,
767,530,500701.875000,97.637482,698011.437500,1959.967285,2269.802979,511,441,511,441,3,0,0.000000,0.000000,
769,530,502586.250000,451.070190,696959.812500,2149.176514,2574.959229,511,441,511,441,3,0,0.000000,0.000000,
770,530,500118.781250,69.470917,701139.250000,1377.575928,1629.257568,511,441,511,441,3,0,0.000000,0.000000,
772,530,503144.000000,3967.693848,696776.375000,2149.176514,2574.959229,511,441,511,441,3,0,0.000000,0.000000,
773,530,527212.062500,2852.952148,749539.625000,2424.140137,3191.014160,566,9,566,11,3,0,0.000000,0.000000,
774,530,518697.843750,2878.184814,712544.937500,3352.411377,3878.680176,446,9,446,11,3,0,0.000000,0.000000,
775,530,522974.500000,2698.657715,712751.562500,3346.102295,3778.018555,446,9,446,11,3,0,0.000000,0.000000,
777,530,526833.812500,3319.163086,714231.562500,2447.726318,3028.092285,446,9,446,11,3,0,0.000000,0.000000,
778,530,529925.187500,3341.384521,715336.375000,2141.452148,2829.418213,446,9,446,11,3,0,0.000000,0.000000,
779,530,533059.875000,3358.101563,715886.625000,2141.452148,2829.418213,446,9,446,11,3,0,0.000000,0.000000,
780,530,536498.000000,4133.456055,714750.812500,2141.452148,2829.418213,446,9,446,11,3,0,0.000000,0.000000,
781,530,539475.750000,4220.107422,712750.250000,2141.452148,2829.418213,446,9,446,11,3,0,0.000000,0.000000,
782,530,543248.312500,6057.597656,714147.437500,3461.526611,4020.727783,446,9,446,11,3,0,0.000000,0.000000,
783,530,523830.500000,3358.067139,712531.562500,1311.363647,1451.619263,446,9,446,11,3,0,0.000000,0.000000,
784,530,553579.750000,6122.272461,776642.562500,3757.797607,5016.216309,567,9,567,11,3,0,0.000000,0.000000,
793,530,435065.125000,9602.664063,471080.531250,5898.601074,7729.644043,525,225,525,225,3,0,0.000000,0.000000,
794,530,403191.406250,-797.694458,738078.125000,10879.783203,16263.415039,500,9,500,11,3,0,0.000000,0.000000,
796,530,388829.000000,-844.430969,739697.812500,6886.055664,9427.451172,500,9,500,11,3,0,0.000000,0.000000,
797,530,428857.125000,-478.915771,716171.687500,5864.853027,8680.626953,500,9,500,11,3,0,0.000000,0.000000,
798,530,456926.125000,-535.244202,744196.062500,7714.274902,10090.856445,500,9,500,11,3,0,0.000000,0.000000,
799,530,466980.843750,125.087868,731351.437500,4181.838867,5485.208496,500,9,500,11,3,0,0.000000,0.000000,
803,530,265258.000000,7227.451172,665639.562500,6926.278320,10460.928711,575,491,575,491,3,0,0.000000,0.000000,
809,530,534499.062500,2295.238525,728283.312500,958.173950,1302.277710,566,9,566,11,3,0,0.000000,0.000000,
810,530,533700.562500,2212.674316,726915.250000,1026.245728,1193.440430,566,9,566,11,3,0,0.000000,0.000000,
811,530,533168.687500,2336.256592,725458.687500,1026.245728,1193.440430,566,9,566,11,3,0,0.000000,0.000000,
812,530,533590.312500,2339.242188,724187.312500,1026.245728,1193.440430,566,9,566,11,3,0,0.000000,0.000000,
813,530,534962.875000,2405.460205,724442.625000,1026.245728,1193.440430,566,9,566,11,3,0,0.000000,0.000000,
814,530,535067.187500,2266.317383,726330.125000,1026.245728,1193.440430,566,9,566,11,3,0,0.000000,0.000000,
815,530,536210.062500,2684.580322,725010.687500,1026.245728,1193.440430,566,9,566,11,3,0,0.000000,0.000000,
816,530,537788.250000,2907.415283,726047.500000,1026.245728,1414.833252,566,9,566,11,3,0,0.000000,0.000000,
817,530,537126.250000,2968.223389,724335.750000,1026.245728,1193.440430,566,9,566,11,3,0,0.000000,0.000000,
818,530,538037.250000,3190.147461,723066.437500,1026.245728,1193.440430,566,9,566,11,3,0,0.000000,0.000000,
819,530,539836.312500,3433.496826,723018.187500,1026.245728,1193.440430,566,9,566,11,3,0,0.000000,0.000000,
820,530,541875.125000,3482.864258,723003.750000,1973.778687,2506.843018,566,9,566,11,3,0,0.000000,0.000000,
821,530,536248.625000,2582.520752,727456.250000,958.173950,1302.277710,566,9,566,11,3,0,0.000000,0.000000,
825,571,655383.125000,812.961243,462099.406250,24539.769531,32421.599609,792,648,792,648,3,0,0.000000,0.000000,
828,451,432703.468750,-671.139404,487782.250000,28191.447266,31158.191406,586,586,582,615,3,0,0.000000,0.000000,
833,530,413720.406250,-46.298084,488081.531250,2749.170898,3954.059326,587,9,10,11,3,0,0.000000,0.000000,
835,451,653544.875000,-5499.873535,558281.500000,20072.769531,22365.978516,579,9,10,11,3,0,0.000000,0.000000,
836,451,665848.625000,749.504028,475713.750000,15889.880859,19357.326172,579,9,10,11,3,0,0.000000,0.000000,
837,571,558407.875000,4714.785645,490379.875000,42077.085938,50173.308594,792,648,792,648,3,0,0.000000,0.000000,
840,571,659281.187500,906.671936,516641.093750,13692.643555,18917.726563,792,648,576,648,3,0,0.000000,0.000000,
841,571,608391.062500,3048.781982,516611.656250,30676.744141,36080.542969,792,648,576,648,3,0,0.000000,0.000000,
842,571,659281.187500,906.671936,516641.093750,13692.643555,18917.726563,792,648,576,648,3,0,0.000000,0.000000,
861,571,664466.125000,2553.762695,498154.250000,6999.182617,13498.563477,792,648,576,648,3,0,0.000000,0.000000,
862,571,812013.125000,1632.416504,586960.250000,42403.378906,53897.515625,589,593,678,593,3,0,0.000000,0.000000,
865,571,749646.750000,7818.353516,509738.406250,18827.835938,27832.923828,603,593,679,593,3,0,0.000000,0.000000,
866,451,574134.000000,-2519.052002,801608.750000,69096.484375,75262.226563,766,9,579,11,3,0,0.000000,0.000000,
867,451,683565.500000,-5136.218750,574343.000000,8447.144531,9473.406250,594,9,594,11,3,0,0.000000,0.000000,
868,451,682422.812500,-5609.239746,562061.875000,8447.144531,9473.406250,594,9,594,11,3,0,0.000000,0.000000,
869,451,681808.625000,-7514.821777,549621.625000,8447.144531,9473.406250,594,9,594,11,3,0,0.000000,0.000000,
874,451,625609.250000,8479.331055,412447.031250,12485.233398,14204.657227,596,9,597,11,3,0,0.000000,0.000000,
879,451,588313.875000,9374.712891,395521.906250,21445.250000,23971.677734,599,602,599,602,3,0,0.000000,0.000000,
880,530,412309.875000,9642.791992,470041.625000,8485.611328,10797.303711,525,9,525,11,3,0,0.000000,0.000000,
881,451,498916.906250,110.730453,479885.062500,21535.779297,28335.835938,600,9,600,11,3,0,0.000000,0.000000,
882,530,355347.156250,13133.484375,522873.781250,7537.218750,9075.359375,525,9,525,11,3,0,0.000000,0.000000,
883,530,354999.937500,13187.313477,533177.875000,7537.218750,9075.359375,525,9,525,11,3,0,0.000000,0.000000,
884,530,352467.906250,13123.982422,542284.000000,4590.049316,6766.728516,525,9,525,11,3,0,0.000000,0.000000,
885,451,937204.750000,5248.440918,725431.562500,17998.191406,20095.224609,601,9,601,11,3,0,0.000000,0.000000,
886,451,580139.687500,9908.114258,494665.250000,4982.930664,7377.990723,589,9,589,11,3,0,0.000000,0.000000,
887,451,565384.500000,-8498.325195,929565.687500,42333.332031,50740.390625,579,9,579,11,3,0,0.000000,0.000000,
888,451,664705.437500,1791.081055,931842.375000,19619.001953,23113.123047,599,602,599,11,3,0,0.000000,0.000000,
890,572,554291.125000,1161.501953,568209.312500,37752.144531,40006.792969,605,9,605,11,3,0,0.000000,0.000000,
891,571,773708.750000,5853.963379,577375.625000,4584.422852,6689.596191,646,647,646,647,3,0,0.000000,0.000000,
892,571,773505.437500,5920.038574,582877.500000,4549.555176,7852.072266,646,647,646,647,3,0,0.000000,0.000000,
893,451,688751.875000,-67.021172,922026.250000,19668.039063,25383.291016,608,602,608,11,3,0,0.000000,0.000000,
895,451,465949.312500,8109.201172,990356.125000,27497.951172,29648.333984,612,9,612,11,3,0,0.000000,0.000000,
897,571,748590.187500,4808.402832,587539.875000,42403.378906,53897.515625,589,593,678,593,3,0,0.000000,0.000000,
905,571,777397.250000,8939.925781,522236.281250,16220.290039,23592.636719,603,593,679,593,3,0,0.000000,0.000000,
906,571,818103.000000,9176.876953,511228.718750,21969.109375,32027.164063,603,593,679,593,3,0,0.000000,0.000000,
907,571,782832.062500,10250.394531,506785.750000,14991.806641,21592.990234,603,593,679,593,3,0,0.000000,0.000000,
908,571,711052.875000,-208.888397,532704.500000,11740.795898,20416.392578,672,593,672,593,3,0,0.000000,0.000000,
910,571,745214.125000,7887.144043,517785.468750,10118.944336,11950.814453,671,9,671,11,3,0,0.000000,0.000000,
911,451,797000.625000,-724.383728,893273.375000,33798.406250,35711.773438,614,581,614,581,3,0,0.000000,0.000000,
912,571,779152.562500,8200.442383,598806.062500,4815.883301,6717.762695,646,647,646,647,3,0,0.000000,0.000000,
914,571,447564.093750,-324.663086,473785.125000,18554.603516,26606.242188,616,648,616,648,3,0,0.000000,0.000000,
959,571,701965.687500,3450.071533,499756.593750,21581.890625,27642.863281,672,782,672,782,3,0,0.000000,0.000000,
987,451,583643.812500,9803.472656,454571.187500,19254.826172,32983.898438,652,613,610,610,3,0,0.000000,0.000000,
1236,451,656237.062500,334.627777,699799.437500,21101.560547,25790.324219,645,9,645,11,3,0,0.000000,0.000000,
1237,451,598784.750000,277.078461,629979.187500,35197.363281,35197.363281,645,9,645,11,3,0,0.000000,0.000000,
1239,571,753123.312500,5814.825195,576834.187500,4736.858887,6660.085449,650,593,650,593,3,0,0.000000,0.000000,
1243,451,1192299.375000,238.406723,1986.197144,46.815678,903.738464,8,9,10,11,3,0,0.000000,0.000000,
1368,573,562618.875000,-10.187157,444567.531250,377.354156,1195.687256,8,9,10,11,3,0,0.000000,0.000000,
1369,573,562486.562500,2134.411377,446477.593750,491.103851,671.739990,8,9,10,11,3,0,0.000000,0.000000,
1370,573,593669.500000,0.000243,473535.375000,5.000000,393.856506,8,9,10,11,3,0,0.000000,0.000000,
1371,571,724187.062500,9968.854492,469764.875000,14518.024414,21724.988281,672,782,672,782,3,0,0.000000,0.000000,
1373,571,755636.687500,7463.932129,456308.875000,22720.857422,31007.244141,672,782,672,782,3,0,0.000000,0.000000,
1374,571,776828.687500,7477.519531,541553.125000,1888.203491,3274.050293,653,648,653,648,3,0,0.000000,0.000000,
1377,571,679584.000000,4361.845215,484352.218750,7290.232910,12466.697266,672,782,672,782,3,0,0.000000,0.000000,
1386,571,490559.656250,2662.643799,481412.156250,17078.015625,23777.890625,732,648,732,648,3,0,0.000000,0.000000,
1387,571,450644.437500,-1543.617920,520062.750000,19210.314453,24664.177734,792,648,576,648,3,0,0.000000,0.000000,
1400,580,0.000000,0.000000,0.000000,411.901276,671.780823,379,9,503,11,2,0,0.000000,0.000000,
1401,580,573742.625000,3243.298096,563160.750000,2130.509521,2219.329102,657,9,10,11,3,0,0.000000,0.000000,
1402,580,571478.062500,3003.434326,564281.375000,961.792603,1576.283691,657,9,10,11,3,0,0.000000,0.000000,
1403,580,572506.187500,3239.256348,565628.937500,1135.408325,1504.301758,657,9,10,11,3,0,0.000000,0.000000,
1404,580,566142.125000,919.457520,559601.562500,2599.861084,3918.967041,658,9,10,11,3,0,0.000000,0.000000,
1406,571,763122.000000,9853.177734,552863.750000,5012.602051,6002.816895,661,9,661,11,3,0,0.000000,0.000000,
1407,571,763740.375000,7769.021484,546028.812500,5012.602051,7547.908691,661,9,661,11,3,0,0.000000,0.000000,
1408,571,798348.812500,8524.319336,535665.687500,1742.805786,2603.325928,664,9,664,11,3,0,0.000000,0.000000,
1409,571,814335.687500,6704.066406,579834.375000,4724.846191,7907.314453,661,593,661,593,3,0,0.000000,0.000000,
1410,571,805625.937500,6461.866699,560730.000000,3554.290771,6160.070801,661,593,661,593,3,0,0.000000,0.000000,
1411,571,733538.312500,5914.951660,521155.343750,3996.910156,6824.772461,665,9,665,11,3,0,0.000000,0.000000,
1413,571,736370.250000,5485.382324,528929.937500,3627.876465,5152.522461,665,9,665,11,3,0,0.000000,0.000000,
1414,571,743336.500000,1076.359863,556642.937500,3485.387451,4516.828613,666,9,666,11,3,0,0.000000,0.000000,
1417,571,738357.000000,2793.736084,553553.687500,1705.403442,2222.174072,666,9,666,11,3,0,0.000000,0.000000,
1423,571,738411.000000,1900.361084,557341.000000,3485.387451,4516.828613,666,9,666,11,3,0,0.000000,0.000000,
1424,571,731905.312500,539.997925,557956.625000,4092.998535,4854.421387,666,9,666,11,3,0,0.000000,0.000000,
1425,571,733650.000000,1413.315918,552801.375000,2990.024658,3392.845459,666,9,666,11,3,0,0.000000,0.000000,
1426,571,738988.562500,1381.626587,560163.812500,3106.857910,3821.270020,666,9,666,11,3,0,0.000000,0.000000,
1427,451,271680.093750,0.000686,584100.375000,1195.648193,1849.277588,668,9,10,11,3,0,0.000000,0.000000,
1435,571,747734.875000,5622.048828,574613.500000,4736.858887,6660.085449,650,593,650,593,3,0,0.000000,0.000000,
1436,571,833891.437500,612.343445,547003.437500,5198.935059,8173.879883,669,593,669,593,3,0,0.000000,0.000000,
1446,571,730295.500000,5550.292480,528823.687500,2966.568115,4217.944336,665,9,665,11,3,0,0.000000,0.000000,
1447,573,563164.125000,-45.079945,445918.375000,5.000000,872.862488,8,9,10,11,3,0,0.000000,0.000000,
1448,573,562329.562500,80.567711,446811.937500,100.000000,500.000000,8,9,10,11,3,0,0.000000,0.000000,
1450,573,563325.312500,-85.702225,445817.875000,100.000000,500.000000,8,9,10,11,3,0,0.000000,0.000000,
1452,574,0.000000,0.000000,0.000000,5.000000,158.443787,589,593,589,593,3,0,0.000000,0.000000,
1453,571,750246.375000,8730.614258,514087.281250,3619.326904,3619.326904,671,9,671,11,3,0,0.000000,0.000000,
1454,571,686037.687500,-4604.591797,528778.125000,10893.922852,16738.015625,672,782,672,782,3,0,0.000000,0.000000,
1455,451,968006.437500,130.489868,404630.531250,19424.367188,21246.308594,673,9,673,11,3,0,0.000000,0.000000,
1457,451,887267.812500,2712.699707,868590.750000,4311.541016,5745.712402,674,9,10,11,3,0,0.000000,0.000000,
1458,451,904975.812500,2705.622070,868714.750000,4605.313965,6045.863281,675,9,10,11,3,0,0.000000,0.000000,
1465,571,744299.875000,8900.041992,512411.500000,2975.738281,2975.738281,671,9,671,11,3,0,0.000000,0.000000,
1483,451,297952.812500,24.906384,684290.625000,2495.633789,5528.234863,677,9,677,11,3,0,0.000000,0.000000,
1484,585,0.000000,0.000000,0.000000,10.040776,10.040776,655,9,655,11,3,0,0.000000,0.000000,
1486,451,935992.062500,324.038635,408132.750000,19424.367188,21246.308594,683,9,673,11,3,0,0.000000,0.000000,
1487,575,0.000000,0.000000,0.000000,26.438263,29.213285,678,9,678,11,3,0,0.000000,0.000000,
1490,571,490207.156250,-4604.619141,534400.312500,26479.462891,32576.832031,792,648,576,648,3,0,0.000000,0.000000,
1491,571,399378.156250,-1712.501465,551756.875000,35560.007813,41850.230469,616,648,616,648,3,0,0.000000,0.000000,
1492,571,360139.062500,322.885712,492064.375000,52982.902344,62252.746094,616,648,616,648,3,0,0.000000,0.000000,
1493,571,414117.187500,-465.148590,500611.031250,16876.027344,21980.013672,616,648,616,648,3,0,0.000000,0.000000,
1494,571,410319.312500,3034.727295,461774.312500,12202.141602,16481.119141,616,648,616,648,3,0,0.000000,0.000000,
1496,451,318348.750000,4654.992188,635562.187500,13112.260742,13540.008789,655,9,10,11,3,0,0.000000,0.000000,
1497,571,561116.250000,16759.169922,427344.468750,20903.912109,26949.039063,792,648,792,648,3,0,0.000000,0.000000,
1498,571,610261.312500,2571.989746,454844.562500,27092.191406,32421.599609,792,648,792,648,3,0,0.000000,0.000000,
1499,571,615478.750000,1583.675049,478745.062500,15472.819336,20619.714844,792,648,792,648,3,0,0.000000,0.000000,
1500,571,635335.125000,5524.393066,496047.281250,6802.292480,11450.471680,792,648,792,648,3,0,0.000000,0.000000,
1501,571,1083368.500000,4878.243164,965532.375000,5654.070801,6897.703613,792,705,792,705,3,0,0.000000,0.000000,
1502,571,560816.125000,4807.518555,457401.062500,3335.017822,5532.078613,681,9,681,11,3,0,0.000000,0.000000,
1503,571,563945.812500,5140.275391,456803.343750,2056.426758,4292.773926,681,9,681,11,3,0,0.000000,0.000000,
1504,451,938341.062500,4975.912109,381227.093750,19424.367188,21246.308594,683,9,673,11,3,0,0.000000,0.000000,
1505,571,562315.375000,343.832092,423006.750000,4951.839844,8199.520508,682,9,10,11,3,0,0.000000,0.000000,
1506,571,564935.062500,520.761902,428785.375000,4951.839844,8199.520508,682,9,10,11,3,0,0.000000,0.000000,
1585,451,48599.792969,1758.327637,30559.250000,487.188477,689.419312,2,9,10,11,3,0,0.000000,0.000000,
1586,451,45958.421875,1268.431152,30724.318359,487.188477,689.419312,8,9,10,11,3,0,0.000000,0.000000,
1587,571,690790.687500,7775.773438,470366.000000,12450.089844,19447.802734,672,782,672,782,3,0,0.000000,0.000000,
1589,571,706364.500000,8457.607422,416086.000000,33651.476563,42589.781250,683,783,683,783,3,0,0.000000,0.000000,
1600,451,635240.187500,-0.000172,599430.687500,6197.074707,8016.051758,8,9,10,11,3,0,0.000000,0.000000,
1601,451,636755.437500,0.000668,597222.687500,2720.531738,3760.110352,8,9,10,11,3,0,0.000000,0.000000,
1606,530,869699.750000,766.485657,175374.000000,9935.061523,11873.618164,686,380,687,380,2,0,0.000000,0.000000,
1607,595,0.000000,0.000000,0.000000,157.484177,419.890015,690,387,691,387,4,0,0.000000,0.000000,
1608,571,399551.937500,13953.316406,308369.250000,11958.622070,14518.832031,683,783,683,783,3,0,0.000000,0.000000,
1609,451,409435.125000,-7925.870117,988472.375000,38162.546875,42347.128906,618,9,10,11,3,0,0.000000,0.000000,
1610,597,0.000000,0.000000,0.000000,1722.191528,2367.830811,694,693,693,693,694,0,0.000000,0.000000,
1617,451,579823.687500,30910.990234,190919.312500,127511.382813,142004.468750,700,699,699,699,3,0,0.000000,0.000000,
1618,451,890075.187500,9372.772461,210634.250000,139363.531250,140420.140625,700,699,699,699,3,0,0.000000,0.000000,
1619,451,330366.781250,9938.943359,216125.671875,116066.023438,151329.718750,700,699,699,699,3,0,0.000000,0.000000,
1620,451,348200.812500,11302.827148,992552.937500,2909.043945,4598.969727,701,9,10,11,3,0,0.000000,0.000000,
1623,571,801082.062500,5716.550293,453953.812500,29247.941406,40658.414063,672,782,672,782,3,0,0.000000,0.000000,
1631,571,752947.812500,13530.563477,392433.125000,9861.372070,18079.074219,703,783,703,783,3,0,0.000000,0.000000,
1633,571,775477.375000,15871.157227,370046.156250,13783.716797,22297.029297,755,783,750,783,3,0,0.000000,0.000000,
1635,451,507751.062500,1503.394287,1004258.375000,14886.697266,16026.567383,683,9,10,11,3,0,0.000000,0.000000,
1636,571,763570.187500,13530.561523,409338.031250,14112.799805,24399.527344,703,783,703,783,3,0,0.000000,0.000000,
1637,571,738969.000000,13530.567383,371346.718750,11115.137695,18079.074219,703,783,703,783,3,0,0.000000,0.000000,
1638,571,565711.500000,4657.400879,504530.281250,7106.476563,9259.210938,792,705,792,705,3,0,0.000000,0.000000,
1639,598,0.000000,0.000000,0.000000,109.080009,1944.490845,379,380,503,380,2,0,0.000000,0.000000,
1640,451,395011.156250,2061.519531,929508.187500,14743.765625,29343.367188,708,708,712,698,3,0,0.000000,0.000000,
1642,451,300540.031250,2.245474,852251.125000,13312.503906,16237.414063,710,708,708,11,3,0,0.000000,0.000000,
1643,571,612533.500000,-67.227409,513169.437500,5212.869141,6432.887207,711,9,711,11,3,0,0.000000,0.000000,
1644,571,685882.750000,11733.119141,391987.562500,5156.244141,8610.010742,704,783,704,783,3,0,0.000000,0.000000,
1645,571,674426.000000,11905.962891,428208.343750,4133.849121,5578.460449,704,783,704,783,3,0,0.000000,0.000000,
1646,451,425847.218750,911.335815,919869.875000,23184.812500,32419.904297,708,9,10,11,3,0,0.000000,0.000000,
1647,451,259880.687500,1989.451904,853005.000000,9691.038086,13129.179688,710,9,10,11,3,0,0.000000,0.000000,
1648,571,629001.500000,4040.752930,466544.187500,4912.866211,5959.321777,717,715,715,715,3,0,0.000000,0.000000,
1671,595,564097.562500,5592.881348,525043.312500,3383.615234,4199.837402,720,9,720,11,3,0,0.000000,0.000000,
1672,595,568124.500000,5163.818848,522810.437500,3515.114258,4301.275879,720,9,720,11,3,0,0.000000,0.000000,
1673,595,573083.937500,4861.229980,520859.781250,3515.114258,4301.275879,720,9,720,11,3,0,0.000000,0.000000,
1674,571,626289.187500,4085.669922,513179.468750,6383.869629,7564.012207,735,648,735,648,3,0,0.000000,0.000000,
1677,451,1201498.625000,0.000137,1200953.625000,723.134277,991.704224,701,9,10,11,3,0,0.000000,0.000000,
1679,571,595786.875000,696.687622,502831.031250,5725.397949,7005.750488,726,9,726,11,3,0,0.000000,0.000000,
1680,451,1209984.750000,7075.927246,112829.609375,21681.744141,23883.531250,379,9,379,11,3,0,0.000000,0.000000,
1681,571,580052.562500,2029.467773,478701.968750,8425.000977,10994.640625,729,730,729,11,3,0,0.000000,0.000000,
1682,451,967240.812500,0.000227,276543.218750,25807.392578,34193.660156,650,9,10,11,3,0,0.000000,0.000000,
1683,571,473001.437500,598.464600,502331.531250,6860.076172,13703.918945,576,9,10,11,3,0,0.000000,0.000000,
1684,571,504374.562500,-1169.480835,509138.375000,4508.498535,13703.918945,792,648,792,648,3,0,0.000000,0.000000,
1686,585,644158.187500,-2457.229492,614739.187500,7385.696289,9107.619141,686,9,687,11,3,0,0.000000,0.000000,
1687,580,592195.625000,903.598572,560698.125000,7024.222656,8806.331055,686,9,686,11,3,0,0.000000,0.000000,
1688,571,406414.500000,-2585.841797,434964.375000,11465.212891,14024.420898,723,9,723,11,3,0,0.000000,0.000000,
1689,571,416956.562500,-1521.753174,442510.375000,5794.405762,8125.326660,723,9,723,11,3,0,0.000000,0.000000,
1690,571,400599.312500,-1737.488281,410862.187500,10431.108398,13465.958984,723,9,723,11,3,0,0.000000,0.000000,
1691,571,596257.125000,-263.714264,459555.750000,4497.017578,5809.491699,737,9,737,11,3,0,0.000000,0.000000,
1694,571,524496.000000,-546.801270,493844.156250,6452.429688,8053.131348,726,9,726,11,3,0,0.000000,0.000000,
1696,571,517621.500000,103.614220,291441.812500,19343.855469,22055.000000,742,700,700,11,3,0,0.000000,0.000000,
1697,578,0.000000,0.000000,0.000000,803.057495,803.057495,660,9,660,11,3,0,0.000000,0.000000,
1698,571,460607.531250,-1719.007080,386761.000000,4227.566895,5237.829102,743,9,743,11,3,0,0.000000,0.000000,
1699,571,452114.656250,-1514.961060,378192.093750,2572.478760,3526.676758,743,9,743,11,3,0,0.000000,0.000000,
1700,571,415057.218750,-3243.026367,430759.000000,3116.349854,3963.899902,744,739,744,739,3,0,0.000000,0.000000,
1701,571,534956.687500,4566.133301,473053.687500,11231.166016,14415.953125,745,747,745,747,3,0,0.000000,0.000000,
1702,451,258869.109375,-0.000039,644396.875000,7028.351074,8777.536133,746,9,746,11,3,0,0.000000,0.000000,
1703,571,576310.562500,14160.002930,349945.125000,36412.410156,39628.589844,779,9,748,11,3,0,0.000000,0.000000,
1704,571,685458.062500,7433.135742,462305.687500,3966.052002,5184.110840,749,782,749,782,3,0,0.000000,0.000000,
1706,571,532891.687500,14079.247070,343412.343750,41321.222656,46106.074219,779,9,748,11,3,0,0.000000,0.000000,
1707,571,533244.500000,18460.312500,390500.406250,23232.765625,30547.503906,779,9,748,11,3,0,0.000000,0.000000,
1708,451,84636.093750,17997.712891,657321.625000,50565.816406,55935.082031,748,9,748,11,3,0,0.000000,0.000000,
1709,451,82106.328125,26281.371094,720957.812500,54286.851563,64284.273438,748,9,748,11,3,0,0.000000,0.000000,
1710,451,80647.125000,23426.482422,813044.687500,55090.710938,63534.195313,748,9,748,11,3,0,0.000000,0.000000,
1711,600,0.000000,0.000000,0.000000,9.702989,22.414619,754,9,683,11,3,0,0.000000,0.000000,
1713,571,476463.031250,-1244.582886,393740.375000,14274.918945,16528.107422,743,9,743,11,3,0,0.000000,0.000000,
1714,571,495895.687500,21204.958984,642408.562500,42889.164063,47905.882813,748,9,748,11,3,0,0.000000,0.000000,
1715,571,414987.218750,19115.291016,644763.500000,42889.164063,47905.882813,748,9,748,11,3,0,0.000000,0.000000,
1716,571,325477.281250,18880.398438,644290.562500,42889.164063,47905.882813,346,9,748,11,3,0,0.000000,0.000000,
1717,571,805692.937500,-4604.620605,268833.187500,71825.585938,76441.632813,672,617,672,617,3,0,0.000000,0.000000,
1718,571,868646.437500,-4604.628418,268212.031250,68211.078125,74337.085938,672,617,672,617,3,0,0.000000,0.000000,
1724,571,359429.968750,8905.714844,485303.625000,9717.024414,13400.117188,660,9,660,11,3,0,0.000000,0.000000,
1725,571,373168.093750,5832.263184,479655.562500,9717.024414,13400.117188,660,9,660,11,3,0,0.000000,0.000000,
1726,571,370100.000000,6164.746582,465862.000000,9717.024414,13400.117188,660,9,660,11,3,0,0.000000,0.000000,
1727,571,360134.250000,6003.017578,466555.468750,9717.024414,13400.117188,660,9,660,11,3,0,0.000000,0.000000,
1728,571,349226.281250,6685.049316,474861.187500,9717.024414,13400.117188,660,9,660,11,3,0,0.000000,0.000000,
1729,571,374163.000000,5907.429688,480625.000000,9717.024414,13400.117188,660,9,660,11,3,0,0.000000,0.000000,
1730,571,361668.812500,24597.181641,469825.250000,18066.199219,19457.800781,660,9,660,11,3,0,0.000000,0.000000,
1733,451,47767.710938,1333.611694,28439.343750,498.059540,498.059540,701,9,10,11,3,0,0.000000,0.000000,
1734,571,769330.937500,-123.828773,307222.562500,18739.990234,27221.890625,700,9,10,11,3,0,0.000000,0.000000,
1737,571,580427.187500,6322.070801,403822.156250,10527.461914,13595.756836,765,765,762,762,3,0,0.000000,0.000000,
1739,571,597076.750000,4509.897461,632133.187500,56468.472656,62765.417969,588,9,10,11,3,0,0.000000,0.000000,
1740,571,624911.187500,5521.714844,411397.781250,6656.554688,7936.050293,765,765,763,763,3,0,0.000000,0.000000,
1742,571,595022.250000,6036.386719,412317.593750,6453.382813,12342.806641,765,765,762,762,3,0,0.000000,0.000000,
1744,571,447125.687500,2526.013184,256863.390625,33636.976563,35452.742188,763,763,763,763,3,0,0.000000,0.000000,
1745,571,438811.250000,1370.703613,258711.125000,6311.898926,6673.541992,765,765,763,762,3,0,0.000000,0.000000,
1746,571,424019.000000,1124.276978,243180.968750,5783.429688,6605.621094,765,762,762,762,3,0,0.000000,0.000000,
1747,451,1008085.500000,-0.000031,1200961.500000,33.119270,4591.208496,8,9,10,11,3,0,0.000000,0.000000,
1752,451,553215.000000,4226.891602,738210.625000,18808.988281,21709.216797,8,9,10,11,3,0,0.000000,0.000000,
1753,451,662404.875000,-4.012041,662211.500000,10810.344727,11389.123047,763,9,10,11,3,0,0.000000,0.000000,
1754,571,612844.875000,7044.834961,407922.375000,8866.095703,11656.712891,765,765,762,762,3,0,0.000000,0.000000,
1755,571,649153.875000,5935.711426,417354.968750,11540.035156,16062.504883,765,765,763,763,3,0,0.000000,0.000000,
1756,571,630013.062500,6979.147949,422336.250000,13583.848633,15605.309570,765,765,763,763,3,0,0.000000,0.000000,
1757,571,607112.437500,5648.398438,419952.906250,8866.095703,11984.236328,765,765,762,765,3,0,0.000000,0.000000,
1761,451,469669.625000,-41165.890625,797723.687500,64651.281250,423275.906250,579,9,579,11,3,0,0.000000,0.000000,
1763,0,832692.187500,2992.302246,545634.062500,46080.000000,59513.000000,56,37,444,37,4,0,0.000000,0.000000,
1764,609,807070.687500,2650.121826,553290.125000,7133.481934,9518.162109,776,33,776,33,3,775,0.000000,0.000000,
1766,609,828800.250000,4557.022461,556538.250000,18286.777344,21453.798828,12,33,12,33,3,775,0.000000,0.000000,
1767,609,833969.937500,916.575378,541949.812500,18286.777344,21453.798828,12,33,12,33,3,775,0.000000,0.000000,
1768,609,0.000000,0.000000,0.000000,56.214142,438.589081,56,45,56,45,3,775,0.000000,0.000000,
1769,615,0.000000,0.000000,0.000000,102.012520,173.461563,767,9,10,11,3,0,0.000000,0.000000,
1770,571,403803.062500,3348.033691,267687.718750,19874.259766,21537.439453,767,9,10,11,3,0,0.000000,0.000000,
1771,609,815224.250000,12771.642578,526100.062500,8941.754883,10883.180664,748,9,10,11,3,0,0.000000,0.000000,
1772,571,587724.812500,7350.750977,425540.250000,8836.401367,13519.136719,765,765,765,765,3,0,0.000000,0.000000,
1773,616,567788.812500,-224.768845,587574.437500,45790.625000,75172.531250,8,9,10,11,3,0,0.000000,0.000000,
1775,571,596329.375000,14594.821289,372269.656250,8101.279297,9128.985352,774,9,774,11,3,0,0.000000,0.000000,
1777,571,652257.937500,33366.152344,352937.281250,35423.292969,42105.667969,700,9,10,11,3,0,0.000000,0.000000,
1778,609,820136.000000,6961.672363,500351.406250,7941.691406,8990.212891,775,9,775,11,3,0,0.000000,0.000000,
1780,571,439798.250000,-1455.568970,379880.562500,6971.782715,8149.590332,777,9,777,11,3,0,0.000000,0.000000,
1781,571,382122.937500,1563.369751,528116.750000,3326.770264,4121.523438,778,9,778,11,3,0,0.000000,0.000000,
1782,571,381458.437500,1508.005371,523647.687500,3206.851318,3968.989502,778,9,778,11,3,0,0.000000,0.000000,
1783,571,380469.875000,1518.385986,518809.281250,3541.774658,4256.229980,778,9,778,11,3,0,0.000000,0.000000,
1784,571,383065.375000,1636.829102,530488.812500,3326.770264,4121.523438,778,9,778,11,3,0,0.000000,0.000000,
1785,571,502374.968750,22787.189453,382453.312500,3818.341797,4619.678711,774,9,774,11,3,0,0.000000,0.000000,
1786,571,494250.312500,23925.505859,380214.812500,6243.640625,7497.766602,774,9,774,11,3,0,0.000000,0.000000,
1787,571,486770.406250,24097.216797,373577.875000,6243.640625,7497.766602,774,9,774,11,3,0,0.000000,0.000000,
1788,571,488260.750000,25378.662109,364812.656250,5132.605957,6550.588379,774,9,774,11,3,0,0.000000,0.000000,
1789,619,0.000000,0.000000,0.000000,99.002502,119.270988,579,9,579,11,3,0,0.000000,0.000000,
1790,571,542161.750000,56222.316406,412687.625000,6842.455078,10237.803711,748,9,10,11,3,0,0.000000,0.000000,
1791,571,440811.781250,-3811.943359,417964.500000,5610.842285,6375.748535,723,739,723,739,3,0,0.000000,0.000000,
1792,571,497298.250000,13162.103516,440945.375000,30304.568359,35279.523438,588,785,788,786,3,0,0.000000,0.000000,
1793,571,533313.562500,12013.265625,442841.625000,20708.828125,23310.302734,588,785,788,786,3,0,0.000000,0.000000,
1794,607,0.000000,0.000000,0.000000,100.500000,231.620316,790,782,791,782,3,0,0.000000,0.000000,
1796,571,444585.125000,5646.723633,415244.687500,37010.523438,42662.031250,789,739,789,739,3,0,0.000000,0.000000,
1797,571,424898.187500,-4969.229492,418564.812500,11846.832031,14184.343750,781,739,781,739,3,0,0.000000,0.000000,
1798,571,448673.093750,-4601.291016,406414.750000,8858.935547,10983.594727,781,739,781,739,3,0,0.000000,0.000000,
1800,571,446339.750000,-4834.999512,428312.187500,6340.747559,8281.713867,781,739,781,739,3,0,0.000000,0.000000,
1801,571,600328.500000,-1452.473389,461924.281250,61.646633,72.156670,764,705,707,705,3,0,0.000000,0.000000,
1802,571,591330.875000,24803.228516,405449.750000,10265.506836,12309.251953,793,794,793,794,3,0,0.000000,0.000000,
