83,"",0.000000,0.000000,0.000000,0.000000,0.000000,0.000000,0.000000,0.000000,0.000000,0.000000,0.000000,0.000000,0.000000,0.000000,0.000000,16711884,"this is a test",0.000000,0.000000,0.000000,0.000000,0.000000,0.000000,0.000000,0.000000,0.000000,0.000000,0.000000,0.000000,0.000000,0.000000,0.000000,16712190,
84,"",0.000000,0.000000,0.000000,0.000000,0.000000,0.000000,0.000000,0.000000,0.000000,0.000000,0.000000,0.000000,0.000000,0.000000,0.000000,16711884,"Thank you for visiting me, $N. It makes me happy to know we are not forgotten.",0.000000,0.000000,0.000000,0.000000,0.000000,0.000000,0.000000,0.000000,0.000000,0.000000,0.000000,0.000000,0.000000,0.000000,0.000000,16712190,
85,"",0.000000,0.000000,0.000000,0.000000,0.000000,0.000000,0.000000,0.000000,0.000000,0.000000,0.000000,0.000000,0.000000,0.000000,0.000000,16711884,"Thank you for visiting me, $N. It makes me happy to know we are not forgotten.",0.000000,0.000000,0.000000,0.000000,0.000000,0.000000,0.000000,0.000000,0.000000,0.000000,0.000000,0.000000,0.000000,0.000000,0.000000,16712190,
86,"",0.000000,0.000000,0.000000,0.000000,0.000000,0.000000,0.000000,0.000000,0.000000,0.000000,0.000000,0.000000,0.000000,0.000000,0.000000,16711884,"This small token will give no answers, but perhaps it will be of some amusement to you.",0.000000,0.000000,0.000000,0.000000,0.000000,0.000000,0.000000,0.000000,0.000000,0.000000,0.000000,0.000000,0.000000,0.000000,0.000000,16712190,
87,"",0.000000,0.000000,0.000000,0.000000,0.000000,0.000000,0.000000,0.000000,0.000000,0.000000,0.000000,0.000000,0.000000,0.000000,0.000000,16711884,"Hello there again.  I'm Gubber Blump.

I hope you are doing real well.  I hope you are still fishing too.  I love fishing.  The Blump family is known for fishing.  Here is a bauble, so that you can fish a little better.  I love using them when I fish.  Good luck, and thank you again for helping me catch them groupers from before.

Keep on fishing!

Gubber Blump",0.000000,0.000000,0.000000,0.000000,0.000000,0.000000,0.000000,0.000000,0.000000,0.000000,0.000000,0.000000,0.000000,0.000000,0.000000,16712190,
88,"",0.000000,0.000000,0.000000,0.000000,0.000000,0.000000,0.000000,0.000000,0.000000,0.000000,0.000000,0.000000,0.000000,0.000000,0.000000,16711884,"Thank you for visiting me, $N. It makes me happy to know we are not forgotten.",0.000000,0.000000,0.000000,0.000000,0.000000,0.000000,0.000000,0.000000,0.000000,0.000000,0.000000,0.000000,0.000000,0.000000,0.000000,16712190,
89,"",0.000000,0.000000,0.000000,0.000000,0.000000,0.000000,0.000000,0.000000,0.000000,0.000000,0.000000,0.000000,0.000000,0.000000,0.000000,16711884,"Thank you for visiting me, $N. It makes me happy to know we are not forgotten.",0.000000,0.000000,0.000000,0.000000,0.000000,0.000000,0.000000,0.000000,0.000000,0.000000,0.000000,0.000000,0.000000,0.000000,0.000000,16712190,
90,"",0.000000,0.000000,0.000000,0.000000,0.000000,0.000000,0.000000,0.000000,0.000000,0.000000,0.000000,0.000000,0.000000,0.000000,0.000000,16711884,"Thank you for visiting me, $N. It makes me happy to know we are not forgotten.",0.000000,0.000000,0.000000,0.000000,0.000000,0.000000,0.000000,0.000000,0.000000,0.000000,0.000000,0.000000,0.000000,0.000000,0.000000,16712190,
91,"",0.000000,0.000000,0.000000,0.000000,0.000000,0.000000,0.000000,0.000000,0.000000,0.000000,0.000000,0.000000,0.000000,0.000000,0.000000,16711884,"This small token will give no answers, but perhaps it will be of some amusement to you.",0.000000,0.000000,0.000000,0.000000,0.000000,0.000000,0.000000,0.000000,0.000000,0.000000,0.000000,0.000000,0.000000,0.000000,0.000000,16712190,
92,"",0.000000,0.000000,0.000000,0.000000,0.000000,0.000000,0.000000,0.000000,0.000000,0.000000,0.000000,0.000000,0.000000,0.000000,0.000000,16711884,"Thank you for visiting me, $N. It makes me happy to know we are not forgotten.",0.000000,0.000000,0.000000,0.000000,0.000000,0.000000,0.000000,0.000000,0.000000,0.000000,0.000000,0.000000,0.000000,0.000000,0.000000,16712190,
93,"",0.000000,0.000000,0.000000,0.000000,0.000000,0.000000,0.000000,0.000000,0.000000,0.000000,0.000000,0.000000,0.000000,0.000000,0.000000,16711884,"Esteemed $N,$B$BI went through the stack of texts you brought me and I decoded the attached articles for you.  I carefully selected only those items which I thought would be of use.  It was quite problematic to get to a mailbox without being seen, but months of hiding in the desert have turned me into quite a sneak!$B$BI hope you enjoy these.$B$B-Ortell",0.000000,0.000000,0.000000,0.000000,0.000000,0.000000,0.000000,0.000000,0.000000,0.000000,0.000000,0.000000,0.000000,0.000000,0.000000,16712190,
94,"",0.000000,0.000000,0.000000,0.000000,0.000000,0.000000,0.000000,0.000000,0.000000,0.000000,0.000000,0.000000,0.000000,0.000000,0.000000,16711884,"Greetings, $N!$B$BI'm getting pretty good at sneaking into Cenarion Hold to use their mailbox.  Again, I've attached some items that might be of interest.  Hope something in there is of use to you!$B$B-Ortell",0.000000,0.000000,0.000000,0.000000,0.000000,0.000000,0.000000,0.000000,0.000000,0.000000,0.000000,0.000000,0.000000,0.000000,0.000000,16712190,
95,"",0.000000,0.000000,0.000000,0.000000,0.000000,0.000000,0.000000,0.000000,0.000000,0.000000,0.000000,0.000000,0.000000,0.000000,0.000000,16711884,"Thank you for visiting me, $N. It makes me happy to know we are not forgotten.",0.000000,0.000000,0.000000,0.000000,0.000000,0.000000,0.000000,0.000000,0.000000,0.000000,0.000000,0.000000,0.000000,0.000000,0.000000,16712190,
96,"",0.000000,0.000000,0.000000,0.000000,0.000000,0.000000,0.000000,0.000000,0.000000,0.000000,0.000000,0.000000,0.000000,0.000000,0.000000,16711884,"Thank you for visiting me, $N. It makes me happy to know we are not forgotten.",0.000000,0.000000,0.000000,0.000000,0.000000,0.000000,0.000000,0.000000,0.000000,0.000000,0.000000,0.000000,0.000000,0.000000,0.000000,16712190,
97,"",0.000000,0.000000,0.000000,0.000000,0.000000,0.000000,0.000000,0.000000,0.000000,0.000000,0.000000,0.000000,0.000000,0.000000,0.000000,16711884,"Thank you for visiting me, $N. It makes me happy to know we are not forgotten.",0.000000,0.000000,0.000000,0.000000,0.000000,0.000000,0.000000,0.000000,0.000000,0.000000,0.000000,0.000000,0.000000,0.000000,0.000000,16712190,
98,"",0.000000,0.000000,0.000000,0.000000,0.000000,0.000000,0.000000,0.000000,0.000000,0.000000,0.000000,0.000000,0.000000,0.000000,0.000000,16711884,"It took much time to translate the high chief's text. I was dismayed by what I found. High Chief Winterfall was in an extreme state of paranoia in his last days and was addicted to a substance he called "firewater." He believed that all creatures were his enemies. Well, I will let you read it for yourself -- I have included a translation of his words with this letter. If you are ever in need, please visit me again.",0.000000,0.000000,0.000000,0.000000,0.000000,0.000000,0.000000,0.000000,0.000000,0.000000,0.000000,0.000000,0.000000,0.000000,0.000000,16712190,
99,"",0.000000,0.000000,0.000000,0.000000,0.000000,0.000000,0.000000,0.000000,0.000000,0.000000,0.000000,0.000000,0.000000,0.000000,0.000000,16711884,"Thank you for renewing your membership with the Mechanical Engineering Guild, Associated!  We are delighted to have you as an active member.  Please accept this gift as a token of our appreciation for the wonderful contributions you continue to make to the world of gnome engineering.",0.000000,0.000000,0.000000,0.000000,0.000000,0.000000,0.000000,0.000000,0.000000,0.000000,0.000000,0.000000,0.000000,0.000000,0.000000,16712190,
100,"",0.000000,0.000000,0.000000,0.000000,0.000000,0.000000,0.000000,0.000000,0.000000,0.000000,0.000000,0.000000,0.000000,0.000000,0.000000,16711884,"Thank you for renewing your membership with the Mechanical Engineering Guild, Associated!  We are delighted to have you as an active member.  Please accept this gift as a token of our appreciation for the wonderful contributions you continue to make to the world of gnome engineering.",0.000000,0.000000,0.000000,0.000000,0.000000,0.000000,0.000000,0.000000,0.000000,0.000000,0.000000,0.000000,0.000000,0.000000,0.000000,16712190,
101,"",0.000000,0.000000,0.000000,0.000000,0.000000,0.000000,0.000000,0.000000,0.000000,0.000000,0.000000,0.000000,0.000000,0.000000,0.000000,16711884,"My friend - though my arm is weary from the battle we continue to wage in the Plaguelands, it is always strong enough to pen this missive to a hero such as you.  It pleases me to know the aid you rendered us continues to yield benefits, ones we try to enact upon on a daily basis.

Should you find yourself in the Western Plaguelands soon, please stop by the Bulwark.  Your seasoned hand would be most welcomed in a cauldron run!

Yours in the Darkness:
High Executor Derrington",0.000000,0.000000,0.000000,0.000000,0.000000,0.000000,0.000000,0.000000,0.000000,0.000000,0.000000,0.000000,0.000000,0.000000,0.000000,16712190,
102,"",0.000000,0.000000,0.000000,0.000000,0.000000,0.000000,0.000000,0.000000,0.000000,0.000000,0.000000,0.000000,0.000000,0.000000,0.000000,16711884,"Ho Ho Hello, $N!  I hope you have a fantastic Feast of Winter Veil!$B$BYou were so nice in helping me out with my sweet tooth, that I wanted to send you a little something extra.  It's a sampler of delicious Smokywood Pastures treats.  If you haven't gotten any yet, be sure to do so before the season ends!$B$BSeasons Greetings...$BGreatfather Winter",0.000000,0.000000,0.000000,0.000000,0.000000,0.000000,0.000000,0.000000,0.000000,0.000000,0.000000,0.000000,0.000000,0.000000,0.000000,16712190,
103,"",0.000000,0.000000,0.000000,0.000000,0.000000,0.000000,0.000000,0.000000,0.000000,0.000000,0.000000,0.000000,0.000000,0.000000,0.000000,16711884,"Thank you for renewing your membership with the Goblin Experimental Engineering Korporation!  We are delighted to have you as an active member.  Please accept this gift as a token of our appreciation for the wonderful contributions you continue to make to the world of goblin engineering.",0.000000,0.000000,0.000000,0.000000,0.000000,0.000000,0.000000,0.000000,0.000000,0.000000,0.000000,0.000000,0.000000,0.000000,0.000000,16712190,
104,"",0.000000,0.000000,0.000000,0.000000,0.000000,0.000000,0.000000,0.000000,0.000000,0.000000,0.000000,0.000000,0.000000,0.000000,0.000000,16711884,"Thank you for renewing your membership with the Goblin Experimental Engineering Korporation!  We are delighted to have you as an active member.  Please accept this gift as a token of our appreciation for the wonderful contributions you continue to make to the world of goblin engineering.",0.000000,0.000000,0.000000,0.000000,0.000000,0.000000,0.000000,0.000000,0.000000,0.000000,0.000000,0.000000,0.000000,0.000000,0.000000,16712190,
105,"<UNUSED>",0.000000,0.000000,0.000000,0.000000,0.000000,0.000000,0.000000,0.000000,0.000000,0.000000,0.000000,0.000000,0.000000,0.000000,0.000000,16712190,"This mail was sent to you because you signed up for Viagra! More text.",0.000000,0.000000,0.000000,0.000000,0.000000,0.000000,0.000000,0.000000,0.000000,0.000000,0.000000,0.000000,0.000000,0.000000,0.000000,16712190,
106,"",0.000000,0.000000,0.000000,0.000000,0.000000,0.000000,0.000000,0.000000,0.000000,0.000000,0.000000,0.000000,0.000000,0.000000,0.000000,16711884,"Those rabbits came back!  NO!  Oh, don't bother coming back...",0.000000,0.000000,0.000000,0.000000,0.000000,0.000000,0.000000,0.000000,0.000000,0.000000,0.000000,0.000000,0.000000,0.000000,0.000000,16712190,
107,"",0.000000,0.000000,0.000000,0.000000,0.000000,0.000000,0.000000,0.000000,0.000000,0.000000,0.000000,0.000000,0.000000,0.000000,0.000000,16711884,"Greetings my friend - though my arm is weary from the battle we continue to wage in the ruins of Lordaeron, it is always strong enough to pen this missive to a hero such as you.  It pleases me to know the aid you lent us days ago continues to yield benefits, ones we try to enact upon on a daily basis.

Should you find yourself in the Western Plaguelands soon, please stop by the camp.  Your seasoned hand would be most welcomed in a cauldron run!

For Stormwind!
Commander Ashlam Valorfist",0.000000,0.000000,0.000000,0.000000,0.000000,0.000000,0.000000,0.000000,0.000000,0.000000,0.000000,0.000000,0.000000,0.000000,0.000000,16712190,
108,"",0.000000,0.000000,0.000000,0.000000,0.000000,0.000000,0.000000,0.000000,0.000000,0.000000,0.000000,0.000000,0.000000,0.000000,0.000000,16711884,"Ho ho hello again, $N!$B$BThough I and the good folks of Smokywood Pastures have been quite busy this season, I just wanted to send you something special along to you.  You'll be happy to know what we unfroze Sacks out in the Alterac Mountains; he sends his best.$B$BIn freeing Sacks, we managed to develop a novelty device that I think you might enjoy.  You will need a snowball to power it, but I think you'll enjoy it quite a bit!$B$BGreat-father Winter",0.000000,0.000000,0.000000,0.000000,0.000000,0.000000,0.000000,0.000000,0.000000,0.000000,0.000000,0.000000,0.000000,0.000000,0.000000,16712190,
109,"",0.000000,0.000000,0.000000,0.000000,0.000000,0.000000,0.000000,0.000000,0.000000,0.000000,0.000000,0.000000,0.000000,0.000000,0.000000,16711884,"Greetings, my friend!  I hope all is well with you.$B$BI thought I would take this time to thank you once again for aiding us in our struggle against Hakkar.  I look forward to seeing you soon as we rise to the challenge of defeating the Blood God.  Your absence here is sorely felt!$B$BI've enclosed an Honor Token as a small means of thanking you for what you have done for us.  Together we may finally destroy Hakkar once and for all!$B$BMay Zanza always bless you!$BVinchaxa, Servitor of Zanza",0.000000,0.000000,0.000000,0.000000,0.000000,0.000000,0.000000,0.000000,0.000000,0.000000,0.000000,0.000000,0.000000,0.000000,0.000000,16712190,
110,"",0.000000,0.000000,0.000000,0.000000,0.000000,0.000000,0.000000,0.000000,0.000000,0.000000,0.000000,0.000000,0.000000,0.000000,0.000000,16711884,"Esteemed $N,$B$BThe information you brought to my attention earlier has turned out to be extremely valuable.  Already I am calling for changes to our battle plans to account for the new importance we attribute to the Twilight's Hammer presence.$B$BPlease accept this item as a small token of our gratitude.  I hope we can continue to count on you as a valiant ally in our fight in Silithus.$B$BSincerely,$B$BCommander Mar'alith",0.000000,0.000000,0.000000,0.000000,0.000000,0.000000,0.000000,0.000000,0.000000,0.000000,0.000000,0.000000,0.000000,0.000000,0.000000,16712190,
111,"",0.000000,0.000000,0.000000,0.000000,0.000000,0.000000,0.000000,0.000000,0.000000,0.000000,0.000000,0.000000,0.000000,0.000000,0.000000,16711884,"I bid you well, my friend.  I hope your fight for the Horde is a glorious one.  I certainly look forward to a time where others will look upon you with a legacy anywhere as rich and as treasured as the one of Grom Hellscream.$B$BI have not forgotten your act of kindness not only to me, but to the memory of Grom during the Harvest Festival.  I've sent you something I hope you might find to your liking.  Use it well.$B$BFor the Horde!$BJavnir",0.000000,0.000000,0.000000,0.000000,0.000000,0.000000,0.000000,0.000000,0.000000,0.000000,0.000000,0.000000,0.000000,0.000000,0.000000,16712190,
112,"",0.000000,0.000000,0.000000,0.000000,0.000000,0.000000,0.000000,0.000000,0.000000,0.000000,0.000000,0.000000,0.000000,0.000000,0.000000,16711884,"Greetings, young druid!

I'm quite proud of the effort you put into the training given to you thus far.  You should feel proud to have become one with the Claw.  More such lessons will be given; the next of your lessons will be available once you have reached at least 14th level.  When you are ready at that time, seek me out in the Cenarion Enclave of Darnassus.

Mathrengyl Bearwalker",0.000000,0.000000,0.000000,0.000000,0.000000,0.000000,0.000000,0.000000,0.000000,0.000000,0.000000,0.000000,0.000000,0.000000,0.000000,16712190,
113,"",0.000000,0.000000,0.000000,0.000000,0.000000,0.000000,0.000000,0.000000,0.000000,0.000000,0.000000,0.000000,0.000000,0.000000,0.000000,16711884,"I bid you well, my friend.  I hope your fight on behalf of the Alliance goes to your satisfaction.  I certainly look forward to a time where others will look upon you with a legacy anywhere as rich and as treasured as the one of Uther Lightbringer.$B$BI have not forgotten your act of kindness not only to me, but to the memory of Uther during the Harvest Festival.  I've sent you something I hope you might find to your liking.  Use it well.$B$BBy Bronzebeard's Hammer,$BWagner",0.000000,0.000000,0.000000,0.000000,0.000000,0.000000,0.000000,0.000000,0.000000,0.000000,0.000000,0.000000,0.000000,0.000000,0.000000,16712190,
114,"",0.000000,0.000000,0.000000,0.000000,0.000000,0.000000,0.000000,0.000000,0.000000,0.000000,0.000000,0.000000,0.000000,0.000000,0.000000,16711884,"Greetings, young druid!

I've sent you this note as a reminder to check in with me from time to time as you advance through the ranks.  There is much to learn as a druid in the service of Cenarius, and I am only happy to help you along the way.  Soon you will be ready to learn about your aquatic form; seek me out when you reach 16th level and I'll get you started along the path of knowledge.

Turak Runetotem",0.000000,0.000000,0.000000,0.000000,0.000000,0.000000,0.000000,0.000000,0.000000,0.000000,0.000000,0.000000,0.000000,0.000000,0.000000,16712190,
115,"",0.000000,0.000000,0.000000,0.000000,0.000000,0.000000,0.000000,0.000000,0.000000,0.000000,0.000000,0.000000,0.000000,0.000000,0.000000,16711884,"Greetings, young druid!

I've sent you this note as a reminder to check in with me from time to time as you advance through the ranks.  There is much to learn as a druid in the service of Cenarius, and I am only happy to help you along the way.  Soon you will be ready to learn about your aquatic form; seek me out when you reach 16th level and I'll get you started along the path of knowledge.

Mathrengyl Bearwalker",0.000000,0.000000,0.000000,0.000000,0.000000,0.000000,0.000000,0.000000,0.000000,0.000000,0.000000,0.000000,0.000000,0.000000,0.000000,16712190,
116,"",0.000000,0.000000,0.000000,0.000000,0.000000,0.000000,0.000000,0.000000,0.000000,0.000000,0.000000,0.000000,0.000000,0.000000,0.000000,16711884,"Greetings, young druid!

I'm quite proud of the effort you put into the training given to you thus far.  You should feel proud to have become one with the Claw.  More such lessons will be given; the next of your lessons will be available once you have reached at least 14th level.  When you are ready at that time, seek me out on the Elder Rise of Thunder Bluff.

Turak Runetotem",0.000000,0.000000,0.000000,0.000000,0.000000,0.000000,0.000000,0.000000,0.000000,0.000000,0.000000,0.000000,0.000000,0.000000,0.000000,16712190,
117,"",0.000000,0.000000,0.000000,0.000000,0.000000,0.000000,0.000000,0.000000,0.000000,0.000000,0.000000,0.000000,0.000000,0.000000,0.000000,16711884,"Ho ho hello again, $N!$B$BThough I and the good folks of Smokywood Pastures have been quite busy this season, I just wanted to send you something special along to you.  You'll be happy to know what we unfroze Sacks out in the Alterac Mountains; he sends his best.$B$BIn freeing Sacks, we managed to develop a novelty device that I think you might enjoy.  You will need a snowball to power it, but I think you'll enjoy it quite a bit!$B$BGreatfather Winter",0.000000,0.000000,0.000000,0.000000,0.000000,0.000000,0.000000,0.000000,0.000000,0.000000,0.000000,0.000000,0.000000,0.000000,0.000000,16712190,
118,"",0.000000,0.000000,0.000000,0.000000,0.000000,0.000000,0.000000,0.000000,0.000000,0.000000,0.000000,0.000000,0.000000,0.000000,0.000000,16711884,"Ho Ho Hello, $N!  I hope you have a fantastic Feast of Winter Veil!$B$BYou were so nice in helping me out with my sweet tooth, that I wanted to send you a little something extra.  It's a sampler of delicious Smokywood Pastures treats.  If you haven't gotten any yet, be sure to do so before the season ends!$B$BSeasons Greetings...$BGreatfather Winter",0.000000,0.000000,0.000000,0.000000,0.000000,0.000000,0.000000,0.000000,0.000000,0.000000,0.000000,0.000000,0.000000,0.000000,0.000000,16712190,
119,"",0.000000,0.000000,0.000000,0.000000,0.000000,0.000000,0.000000,0.000000,0.000000,0.000000,0.000000,0.000000,0.000000,0.000000,0.000000,16711884,"Hello again - I just wanted to drop you a note that things here in Feathermoon Stronghold are fine.  I've managed to make several new pieces of leather items, thanks in no small part to the help you gave me!$B$BI had some extra bits of leather left over, so I thought I'd send you something extra for all the help you've given me.  If you're ever by the Stronghold again, be sure to look us up!$B$BYour friend,$BPratt",0.000000,0.000000,0.000000,0.000000,0.000000,0.000000,0.000000,0.000000,0.000000,0.000000,0.000000,0.000000,0.000000,0.000000,0.000000,16712190,
120,"",0.000000,0.000000,0.000000,0.000000,0.000000,0.000000,0.000000,0.000000,0.000000,0.000000,0.000000,0.000000,0.000000,0.000000,0.000000,16711884,"Greetings once again - I just wanted to send you word that things here in Camp Mojache are going well.  I've managed to make several new pieces of leather items, thanks in no small part to your aid!$B$BI had some extra bits of leather left over, so I thought I'd send you something extra as a way of saying thank you once more.  If you're ever by the Camp again, be sure to visit!$B$BPeace to you and your ancestors,$BJangdor",0.000000,0.000000,0.000000,0.000000,0.000000,0.000000,0.000000,0.000000,0.000000,0.000000,0.000000,0.000000,0.000000,0.000000,0.000000,16712190,
121,"",0.000000,0.000000,0.000000,0.000000,0.000000,0.000000,0.000000,0.000000,0.000000,0.000000,0.000000,0.000000,0.000000,0.000000,0.000000,16711884,"This small token will give no answers, but perhaps it will be of some amusement to you.",0.000000,0.000000,0.000000,0.000000,0.000000,0.000000,0.000000,0.000000,0.000000,0.000000,0.000000,0.000000,0.000000,0.000000,0.000000,16712190,
122,"",0.000000,0.000000,0.000000,0.000000,0.000000,0.000000,0.000000,0.000000,0.000000,0.000000,0.000000,0.000000,0.000000,0.000000,0.000000,16711884,"$N -$B$BI just wanted to say once again thanks for rescuing Metzen from his kidnappers.  Believe me when I say you've got a friend for life at Smokywood Pastures.$B$BSpeaking of which... Master Chef Graccu has been working on a new recipe here, and I thought you might like a little sample of what he has been whipping up!  Have a wondrous Winter Veil!$B$BMay your cash box always jingle,$BKaymard Copperpinch",0.000000,0.000000,0.000000,0.000000,0.000000,0.000000,0.000000,0.000000,0.000000,0.000000,0.000000,0.000000,0.000000,0.000000,0.000000,16712190,
123,"",0.000000,0.000000,0.000000,0.000000,0.000000,0.000000,0.000000,0.000000,0.000000,0.000000,0.000000,0.000000,0.000000,0.000000,0.000000,16711884,"Champion,$B$BThe Blue Dragonflight believes that you are fated for greater things than even I could predict.$B$BDespite what some would have you believe, our world needs heroes. In your darkest hour, when you face the blight of Kalimdor, recall the epic journies, trials, and tribulations that you undertook for an old gnome and let those memories lift your spirits.$B$BHumbly,$B$BNarain Soothfancy$B$BP.S. Sorry about the repair costs.",0.000000,0.000000,0.000000,0.000000,0.000000,0.000000,0.000000,0.000000,0.000000,0.000000,0.000000,0.000000,0.000000,0.000000,0.000000,16712190,
124,"",0.000000,0.000000,0.000000,0.000000,0.000000,0.000000,0.000000,0.000000,0.000000,0.000000,0.000000,0.000000,0.000000,0.000000,0.000000,16711884,"Thank you for visiting me, $N. It makes me happy to know we are not forgotten.",0.000000,0.000000,0.000000,0.000000,0.000000,0.000000,0.000000,0.000000,0.000000,0.000000,0.000000,0.000000,0.000000,0.000000,0.000000,16712190,
125,"",0.000000,0.000000,0.000000,0.000000,0.000000,0.000000,0.000000,0.000000,0.000000,0.000000,0.000000,0.000000,0.000000,0.000000,0.000000,16711884,"Thank you for visiting me, $N. It makes me happy to know we are not forgotten.",0.000000,0.000000,0.000000,0.000000,0.000000,0.000000,0.000000,0.000000,0.000000,0.000000,0.000000,0.000000,0.000000,0.000000,0.000000,16712190,
126,"",0.000000,0.000000,0.000000,0.000000,0.000000,0.000000,0.000000,0.000000,0.000000,0.000000,0.000000,0.000000,0.000000,0.000000,0.000000,16711884,"Thank you for visiting me, $N. It makes me happy to know we are not forgotten.",0.000000,0.000000,0.000000,0.000000,0.000000,0.000000,0.000000,0.000000,0.000000,0.000000,0.000000,0.000000,0.000000,0.000000,0.000000,16712190,
127,"",0.000000,0.000000,0.000000,0.000000,0.000000,0.000000,0.000000,0.000000,0.000000,0.000000,0.000000,0.000000,0.000000,0.000000,0.000000,16711884,"Thank you for visiting me, $N. It makes me happy to know we are not forgotten.",0.000000,0.000000,0.000000,0.000000,0.000000,0.000000,0.000000,0.000000,0.000000,0.000000,0.000000,0.000000,0.000000,0.000000,0.000000,16712190,
128,"",0.000000,0.000000,0.000000,0.000000,0.000000,0.000000,0.000000,0.000000,0.000000,0.000000,0.000000,0.000000,0.000000,0.000000,0.000000,16711884,"Thank you for visiting me, $N. It makes me happy to know we are not forgotten.",0.000000,0.000000,0.000000,0.000000,0.000000,0.000000,0.000000,0.000000,0.000000,0.000000,0.000000,0.000000,0.000000,0.000000,0.000000,16712190,
129,"",0.000000,0.000000,0.000000,0.000000,0.000000,0.000000,0.000000,0.000000,0.000000,0.000000,0.000000,0.000000,0.000000,0.000000,0.000000,16711884,"Thank you for visiting me, $N. It makes me happy to know we are not forgotten.",0.000000,0.000000,0.000000,0.000000,0.000000,0.000000,0.000000,0.000000,0.000000,0.000000,0.000000,0.000000,0.000000,0.000000,0.000000,16712190,
130,"",0.000000,0.000000,0.000000,0.000000,0.000000,0.000000,0.000000,0.000000,0.000000,0.000000,0.000000,0.000000,0.000000,0.000000,0.000000,16711884,"Thank you for visiting me, $N. It makes me happy to know we are not forgotten.",0.000000,0.000000,0.000000,0.000000,0.000000,0.000000,0.000000,0.000000,0.000000,0.000000,0.000000,0.000000,0.000000,0.000000,0.000000,16712190,
131,"",0.000000,0.000000,0.000000,0.000000,0.000000,0.000000,0.000000,0.000000,0.000000,0.000000,0.000000,0.000000,0.000000,0.000000,0.000000,16711884,"I was grateful for your visit today, take this as a gift for your Lunar Festival.",0.000000,0.000000,0.000000,0.000000,0.000000,0.000000,0.000000,0.000000,0.000000,0.000000,0.000000,0.000000,0.000000,0.000000,0.000000,16712190,
132,"",0.000000,0.000000,0.000000,0.000000,0.000000,0.000000,0.000000,0.000000,0.000000,0.000000,0.000000,0.000000,0.000000,0.000000,0.000000,16711884,"This small token will give no answers, but perhaps it will be of some amusement to you.",0.000000,0.000000,0.000000,0.000000,0.000000,0.000000,0.000000,0.000000,0.000000,0.000000,0.000000,0.000000,0.000000,0.000000,0.000000,16712190,
133,"",0.000000,0.000000,0.000000,0.000000,0.000000,0.000000,0.000000,0.000000,0.000000,0.000000,0.000000,0.000000,0.000000,0.000000,0.000000,16711884,"I was grateful for your visit today, take this as a gift for your Lunar Festival.",0.000000,0.000000,0.000000,0.000000,0.000000,0.000000,0.000000,0.000000,0.000000,0.000000,0.000000,0.000000,0.000000,0.000000,0.000000,16712190,
134,"",0.000000,0.000000,0.000000,0.000000,0.000000,0.000000,0.000000,0.000000,0.000000,0.000000,0.000000,0.000000,0.000000,0.000000,0.000000,16711884,"I was grateful for your visit today, take this as a gift for your Lunar Festival.",0.000000,0.000000,0.000000,0.000000,0.000000,0.000000,0.000000,0.000000,0.000000,0.000000,0.000000,0.000000,0.000000,0.000000,0.000000,16712190,
135,"",0.000000,0.000000,0.000000,0.000000,0.000000,0.000000,0.000000,0.000000,0.000000,0.000000,0.000000,0.000000,0.000000,0.000000,0.000000,16711884,"I was grateful for your visit today, take this as a gift for your Lunar Festival.",0.000000,0.000000,0.000000,0.000000,0.000000,0.000000,0.000000,0.000000,0.000000,0.000000,0.000000,0.000000,0.000000,0.000000,0.000000,16712190,
136,"",0.000000,0.000000,0.000000,0.000000,0.000000,0.000000,0.000000,0.000000,0.000000,0.000000,0.000000,0.000000,0.000000,0.000000,0.000000,16711884,"I was grateful for your visit today, take this as a gift for your Lunar Festival.",0.000000,0.000000,0.000000,0.000000,0.000000,0.000000,0.000000,0.000000,0.000000,0.000000,0.000000,0.000000,0.000000,0.000000,0.000000,16712190,
137,"",0.000000,0.000000,0.000000,0.000000,0.000000,0.000000,0.000000,0.000000,0.000000,0.000000,0.000000,0.000000,0.000000,0.000000,0.000000,16711884,"This small token will give no answers, but perhaps it will be of some amusement to you.",0.000000,0.000000,0.000000,0.000000,0.000000,0.000000,0.000000,0.000000,0.000000,0.000000,0.000000,0.000000,0.000000,0.000000,0.000000,16712190,
138,"",0.000000,0.000000,0.000000,0.000000,0.000000,0.000000,0.000000,0.000000,0.000000,0.000000,0.000000,0.000000,0.000000,0.000000,0.000000,16711884,"This small token will give no answers, but perhaps it will be of some amusement to you.",0.000000,0.000000,0.000000,0.000000,0.000000,0.000000,0.000000,0.000000,0.000000,0.000000,0.000000,0.000000,0.000000,0.000000,0.000000,16712190,
139,"",0.000000,0.000000,0.000000,0.000000,0.000000,0.000000,0.000000,0.000000,0.000000,0.000000,0.000000,0.000000,0.000000,0.000000,0.000000,16711884,"This small token will give no answers, but perhaps it will be of some amusement to you.",0.000000,0.000000,0.000000,0.000000,0.000000,0.000000,0.000000,0.000000,0.000000,0.000000,0.000000,0.000000,0.000000,0.000000,0.000000,16712190,
140,"",0.000000,0.000000,0.000000,0.000000,0.000000,0.000000,0.000000,0.000000,0.000000,0.000000,0.000000,0.000000,0.000000,0.000000,0.000000,16711884,"This small token will give no answers, but perhaps it will be of some amusement to you.",0.000000,0.000000,0.000000,0.000000,0.000000,0.000000,0.000000,0.000000,0.000000,0.000000,0.000000,0.000000,0.000000,0.000000,0.000000,16712190,
141,"",0.000000,0.000000,0.000000,0.000000,0.000000,0.000000,0.000000,0.000000,0.000000,0.000000,0.000000,0.000000,0.000000,0.000000,0.000000,16711884,"This small token will give no answers, but perhaps it will be of some amusement to you.",0.000000,0.000000,0.000000,0.000000,0.000000,0.000000,0.000000,0.000000,0.000000,0.000000,0.000000,0.000000,0.000000,0.000000,0.000000,16712190,
142,"",0.000000,0.000000,0.000000,0.000000,0.000000,0.000000,0.000000,0.000000,0.000000,0.000000,0.000000,0.000000,0.000000,0.000000,0.000000,16711884,"This small token will give no answers, but perhaps it will be of some amusement to you.",0.000000,0.000000,0.000000,0.000000,0.000000,0.000000,0.000000,0.000000,0.000000,0.000000,0.000000,0.000000,0.000000,0.000000,0.000000,16712190,
143,"",0.000000,0.000000,0.000000,0.000000,0.000000,0.000000,0.000000,0.000000,0.000000,0.000000,0.000000,0.000000,0.000000,0.000000,0.000000,16711884,"I was grateful for your visit today, take this as a gift for your Lunar Festival.",0.000000,0.000000,0.000000,0.000000,0.000000,0.000000,0.000000,0.000000,0.000000,0.000000,0.000000,0.000000,0.000000,0.000000,0.000000,16712190,
144,"",0.000000,0.000000,0.000000,0.000000,0.000000,0.000000,0.000000,0.000000,0.000000,0.000000,0.000000,0.000000,0.000000,0.000000,0.000000,16711884,"I was grateful for your visit today, take this as a gift for your Lunar Festival.",0.000000,0.000000,0.000000,0.000000,0.000000,0.000000,0.000000,0.000000,0.000000,0.000000,0.000000,0.000000,0.000000,0.000000,0.000000,16712190,
145,"",0.000000,0.000000,0.000000,0.000000,0.000000,0.000000,0.000000,0.000000,0.000000,0.000000,0.000000,0.000000,0.000000,0.000000,0.000000,16711884,"I was grateful for your visit today, take this as a gift for your Lunar Festival.",0.000000,0.000000,0.000000,0.000000,0.000000,0.000000,0.000000,0.000000,0.000000,0.000000,0.000000,0.000000,0.000000,0.000000,0.000000,16712190,
146,"",0.000000,0.000000,0.000000,0.000000,0.000000,0.000000,0.000000,0.000000,0.000000,0.000000,0.000000,0.000000,0.000000,0.000000,0.000000,16711884,"I was grateful for your visit today, take this as a gift for your Lunar Festival.",0.000000,0.000000,0.000000,0.000000,0.000000,0.000000,0.000000,0.000000,0.000000,0.000000,0.000000,0.000000,0.000000,0.000000,0.000000,16712190,
147,"",0.000000,0.000000,0.000000,0.000000,0.000000,0.000000,0.000000,0.000000,0.000000,0.000000,0.000000,0.000000,0.000000,0.000000,0.000000,16711884,"I was grateful for your visit today, take this as a gift for your Lunar Festival.",0.000000,0.000000,0.000000,0.000000,0.000000,0.000000,0.000000,0.000000,0.000000,0.000000,0.000000,0.000000,0.000000,0.000000,0.000000,16712190,
148,"",0.000000,0.000000,0.000000,0.000000,0.000000,0.000000,0.000000,0.000000,0.000000,0.000000,0.000000,0.000000,0.000000,0.000000,0.000000,16711884,"I was grateful for your visit today, take this as a gift for your Lunar Festival.",0.000000,0.000000,0.000000,0.000000,0.000000,0.000000,0.000000,0.000000,0.000000,0.000000,0.000000,0.000000,0.000000,0.000000,0.000000,16712190,
149,"",0.000000,0.000000,0.000000,0.000000,0.000000,0.000000,0.000000,0.000000,0.000000,0.000000,0.000000,0.000000,0.000000,0.000000,0.000000,16711884,"I was grateful for your visit today, take this as a gift for your Lunar Festival.",0.000000,0.000000,0.000000,0.000000,0.000000,0.000000,0.000000,0.000000,0.000000,0.000000,0.000000,0.000000,0.000000,0.000000,0.000000,16712190,
150,"",0.000000,0.000000,0.000000,0.000000,0.000000,0.000000,0.000000,0.000000,0.000000,0.000000,0.000000,0.000000,0.000000,0.000000,0.000000,16711884,"I was grateful for your visit today, take this as a gift for your Lunar Festival.",0.000000,0.000000,0.000000,0.000000,0.000000,0.000000,0.000000,0.000000,0.000000,0.000000,0.000000,0.000000,0.000000,0.000000,0.000000,16712190,
151,"",0.000000,0.000000,0.000000,0.000000,0.000000,0.000000,0.000000,0.000000,0.000000,0.000000,0.000000,0.000000,0.000000,0.000000,0.000000,16711884,"I was grateful for your visit today, take this as a gift for your Lunar Festival.",0.000000,0.000000,0.000000,0.000000,0.000000,0.000000,0.000000,0.000000,0.000000,0.000000,0.000000,0.000000,0.000000,0.000000,0.000000,16712190,
152,"",0.000000,0.000000,0.000000,0.000000,0.000000,0.000000,0.000000,0.000000,0.000000,0.000000,0.000000,0.000000,0.000000,0.000000,0.000000,16711884,"I was grateful for your visit today, take this as a gift for your Lunar Festival.",0.000000,0.000000,0.000000,0.000000,0.000000,0.000000,0.000000,0.000000,0.000000,0.000000,0.000000,0.000000,0.000000,0.000000,0.000000,16712190,
153,"",0.000000,0.000000,0.000000,0.000000,0.000000,0.000000,0.000000,0.000000,0.000000,0.000000,0.000000,0.000000,0.000000,0.000000,0.000000,16711884,"This small token will give no answers, but perhaps it will be of some amusement to you.",0.000000,0.000000,0.000000,0.000000,0.000000,0.000000,0.000000,0.000000,0.000000,0.000000,0.000000,0.000000,0.000000,0.000000,0.000000,16712190,
154,"",0.000000,0.000000,0.000000,0.000000,0.000000,0.000000,0.000000,0.000000,0.000000,0.000000,0.000000,0.000000,0.000000,0.000000,0.000000,16711884,"This small token will give no answers, but perhaps it will be of some amusement to you.",0.000000,0.000000,0.000000,0.000000,0.000000,0.000000,0.000000,0.000000,0.000000,0.000000,0.000000,0.000000,0.000000,0.000000,0.000000,16712190,
155,"",0.000000,0.000000,0.000000,0.000000,0.000000,0.000000,0.000000,0.000000,0.000000,0.000000,0.000000,0.000000,0.000000,0.000000,0.000000,16711884,"This small token will give no answers, but perhaps it will be of some amusement to you.",0.000000,0.000000,0.000000,0.000000,0.000000,0.000000,0.000000,0.000000,0.000000,0.000000,0.000000,0.000000,0.000000,0.000000,0.000000,16712190,
156,"",0.000000,0.000000,0.000000,0.000000,0.000000,0.000000,0.000000,0.000000,0.000000,0.000000,0.000000,0.000000,0.000000,0.000000,0.000000,16711884,"This small token will give no answers, but perhaps it will be of some amusement to you.",0.000000,0.000000,0.000000,0.000000,0.000000,0.000000,0.000000,0.000000,0.000000,0.000000,0.000000,0.000000,0.000000,0.000000,0.000000,16712190,
157,"",0.000000,0.000000,0.000000,0.000000,0.000000,0.000000,0.000000,0.000000,0.000000,0.000000,0.000000,0.000000,0.000000,0.000000,0.000000,16711884,"This small token will give no answers, but perhaps it will be of some amusement to you.",0.000000,0.000000,0.000000,0.000000,0.000000,0.000000,0.000000,0.000000,0.000000,0.000000,0.000000,0.000000,0.000000,0.000000,0.000000,16712190,
158,"",0.000000,0.000000,0.000000,0.000000,0.000000,0.000000,0.000000,0.000000,0.000000,0.000000,0.000000,0.000000,0.000000,0.000000,0.000000,16711884,"I was grateful for your visit today, take this as a gift for your Lunar Festival.",0.000000,0.000000,0.000000,0.000000,0.000000,0.000000,0.000000,0.000000,0.000000,0.000000,0.000000,0.000000,0.000000,0.000000,0.000000,16712190,
159,"",0.000000,0.000000,0.000000,0.000000,0.000000,0.000000,0.000000,0.000000,0.000000,0.000000,0.000000,0.000000,0.000000,0.000000,0.000000,16711884,"I was grateful for your visit today, take this as a gift for your Lunar Festival.",0.000000,0.000000,0.000000,0.000000,0.000000,0.000000,0.000000,0.000000,0.000000,0.000000,0.000000,0.000000,0.000000,0.000000,0.000000,16712190,
160,"",0.000000,0.000000,0.000000,0.000000,0.000000,0.000000,0.000000,0.000000,0.000000,0.000000,0.000000,0.000000,0.000000,0.000000,0.000000,16711884,"This small token will give no answers, but perhaps it will be of some amusement to you.",0.000000,0.000000,0.000000,0.000000,0.000000,0.000000,0.000000,0.000000,0.000000,0.000000,0.000000,0.000000,0.000000,0.000000,0.000000,16712190,
161,"",0.000000,0.000000,0.000000,0.000000,0.000000,0.000000,0.000000,0.000000,0.000000,0.000000,0.000000,0.000000,0.000000,0.000000,0.000000,16711884,"$N -$B$BI just wanted to say once again thanks for rescuing Metzen from his kidnappers.  Believe me when I say you've got a friend for life at Smokywood Pastures.$B$BSpeaking of which... Master Chef Graccu has been working on a new recipe here, and I thought you might like a little sample of what he has been whipping up!  Have a wondrous Winter Veil!$B$BMay your cash box always jingle,$BWulmort Jinglepocket",0.000000,0.000000,0.000000,0.000000,0.000000,0.000000,0.000000,0.000000,0.000000,0.000000,0.000000,0.000000,0.000000,0.000000,0.000000,16712190,
162,"New Mail",0.000000,0.000000,0.000000,0.000000,0.000000,0.000000,0.000000,0.000000,0.000000,0.000000,0.000000,0.000000,0.000000,0.000000,0.000000,16712190,"Need to fix tab ordergin",0.000000,0.000000,0.000000,0.000000,0.000000,0.000000,0.000000,0.000000,0.000000,0.000000,0.000000,0.000000,0.000000,0.000000,0.000000,16712190,
165,"iiiiiiiiiiiiiiiiiiiiiiiiiiiiiiiiiiiiiiiiiiiiiiiiiiiiiiiiiiiiiii",0.000000,0.000000,0.000000,0.000000,0.000000,0.000000,0.000000,0.000000,0.000000,0.000000,0.000000,0.000000,0.000000,0.000000,0.000000,16712190,"YOh!",0.000000,0.000000,0.000000,0.000000,0.000000,0.000000,0.000000,0.000000,0.000000,0.000000,0.000000,0.000000,0.000000,0.000000,0.000000,16711916,
166,"iiiiiiiiiiiiiiiiiiiiiiiiiiiiiiiiiiiiiiiiiiiiiiiiiiiiiiiiiiiiiii",0.000000,0.000000,0.000000,0.000000,0.000000,0.000000,0.000000,0.000000,0.000000,0.000000,0.000000,0.000000,0.000000,0.000000,0.000000,16712190,"ab",0.000000,0.000000,0.000000,0.000000,0.000000,0.000000,0.000000,0.000000,0.000000,0.000000,0.000000,0.000000,0.000000,0.000000,0.000000,16712190,
167,"<UNUSED>",0.000000,0.000000,0.000000,0.000000,0.000000,0.000000,0.000000,0.000000,0.000000,0.000000,0.000000,0.000000,0.000000,0.000000,0.000000,16712190,"This mail was sent to you because you signed up for Viagra! More text.",0.000000,0.000000,0.000000,0.000000,0.000000,0.000000,0.000000,0.000000,0.000000,0.000000,0.000000,0.000000,0.000000,0.000000,0.000000,16712190,
168,"",0.000000,0.000000,0.000000,0.000000,0.000000,0.000000,0.000000,0.000000,0.000000,0.000000,0.000000,0.000000,0.000000,0.000000,0.000000,16711918,"Thank you for visiting me, $N. It makes me happy to know we are not forgotten.",0.000000,0.000000,0.000000,0.000000,0.000000,0.000000,0.000000,0.000000,0.000000,0.000000,0.000000,0.000000,0.000000,0.000000,0.000000,16712190,
169,"Testing Mass Mail!",0.000000,0.000000,0.000000,0.000000,0.000000,0.000000,0.000000,0.000000,0.000000,0.000000,0.000000,0.000000,0.000000,0.000000,0.000000,16712190,"This is a test of the emergency broadcast system.",0.000000,0.000000,0.000000,0.000000,0.000000,0.000000,0.000000,0.000000,0.000000,0.000000,0.000000,0.000000,0.000000,0.000000,0.000000,16712190,
170,"asdjaksld dsf as  -",0.000000,0.000000,0.000000,0.000000,0.000000,0.000000,0.000000,0.000000,0.000000,0.000000,0.000000,0.000000,0.000000,0.000000,0.000000,16712190,"Hello. What are you talking about?  This isn't crashing?",0.000000,0.000000,0.000000,0.000000,0.000000,0.000000,0.000000,0.000000,0.000000,0.000000,0.000000,0.000000,0.000000,0.000000,0.000000,16712190,
171,"The Argent Dawn needs your help!",0.000000,0.000000,0.000000,0.000000,0.000000,0.000000,0.000000,0.000000,0.000000,0.000000,0.000000,0.000000,0.000000,0.000000,0.000000,16712190,"$N$B$BWith all haste, please open and heed the attached letter.  The Argent Dawn needs your help!",0.000000,0.000000,0.000000,0.000000,0.000000,0.000000,0.000000,0.000000,0.000000,0.000000,0.000000,0.000000,0.000000,0.000000,0.000000,16712190,
172,"Research Report ",0.000000,0.000000,0.000000,0.000000,0.000000,0.000000,0.000000,0.000000,0.000000,0.000000,0.000000,0.000000,0.000000,0.000000,0.000000,16712190,"$n,$B$BI received this report regarding the document you retrieved from the Scourge. While not pressing, you may find it of interest.$B$BThank you again for your service.$BKeeper of the Rolls$BThe Argent Dawn",0.000000,0.000000,0.000000,0.000000,0.000000,0.000000,0.000000,0.000000,0.000000,0.000000,0.000000,0.000000,0.000000,0.000000,0.000000,16712190,
173,"Research Report ",0.000000,0.000000,0.000000,0.000000,0.000000,0.000000,0.000000,0.000000,0.000000,0.000000,0.000000,0.000000,0.000000,0.000000,0.000000,16712190,"$n,$B$BI received this report regarding the document you retrieved from the Scourge. While not pressing, you may find it of interest.$B$BThank you again for your service.$BKeeper of the Rolls$BThe Argent Dawn",0.000000,0.000000,0.000000,0.000000,0.000000,0.000000,0.000000,0.000000,0.000000,0.000000,0.000000,0.000000,0.000000,0.000000,0.000000,16712190,
174,"Research Report ",0.000000,0.000000,0.000000,0.000000,0.000000,0.000000,0.000000,0.000000,0.000000,0.000000,0.000000,0.000000,0.000000,0.000000,0.000000,16712190,"$n,$B$BI received this report regarding the document you retrieved from the Scourge. While not pressing, you may find it of interest.$B$BThank you again for your service.$BKeeper of the Rolls$BThe Argent Dawn",0.000000,0.000000,0.000000,0.000000,0.000000,0.000000,0.000000,0.000000,0.000000,0.000000,0.000000,0.000000,0.000000,0.000000,0.000000,16712190,
175,"Research Report ",0.000000,0.000000,0.000000,0.000000,0.000000,0.000000,0.000000,0.000000,0.000000,0.000000,0.000000,0.000000,0.000000,0.000000,0.000000,16712190,"$n,$B$BI received this report regarding the document you retrieved from the Scourge. While not pressing, you may find it of interest.$B$BThank you again for your service.$BKeeper of the Rolls$BThe Argent Dawn",0.000000,0.000000,0.000000,0.000000,0.000000,0.000000,0.000000,0.000000,0.000000,0.000000,0.000000,0.000000,0.000000,0.000000,0.000000,16712190,
176,"Research Report ",0.000000,0.000000,0.000000,0.000000,0.000000,0.000000,0.000000,0.000000,0.000000,0.000000,0.000000,0.000000,0.000000,0.000000,0.000000,16712190,"$n,$B$BI received this report regarding the document you retrieved from the Scourge. While not pressing, you may find it of interest.$B$BThank you again for your service.$BKeeper of the Rolls$BThe Argent Dawn",0.000000,0.000000,0.000000,0.000000,0.000000,0.000000,0.000000,0.000000,0.000000,0.000000,0.000000,0.000000,0.000000,0.000000,0.000000,16712190,
177,"Research Report ",0.000000,0.000000,0.000000,0.000000,0.000000,0.000000,0.000000,0.000000,0.000000,0.000000,0.000000,0.000000,0.000000,0.000000,0.000000,16712190,"$n,$B$BI received this report regarding the document you retrieved from the Scourge. While not pressing, you may find it of interest.$B$BThank you again for your service.$BKeeper of the Rolls$BThe Argent Dawn",0.000000,0.000000,0.000000,0.000000,0.000000,0.000000,0.000000,0.000000,0.000000,0.000000,0.000000,0.000000,0.000000,0.000000,0.000000,16712190,
178,"A Gift For You",0.000000,0.000000,0.000000,0.000000,0.000000,0.000000,0.000000,0.000000,0.000000,0.000000,0.000000,0.000000,0.000000,0.000000,0.000000,16712190,"Thanks for playing World of Warcraft!",0.000000,0.000000,0.000000,0.000000,0.000000,0.000000,0.000000,0.000000,0.000000,0.000000,0.000000,0.000000,0.000000,0.000000,0.000000,16712190,
179,"Congratulations, Lottery Winner",0.000000,0.000000,0.000000,0.000000,0.000000,0.000000,0.000000,0.000000,0.000000,0.000000,0.000000,0.000000,0.000000,0.000000,0.000000,16712190,"Here's your reward, you lucky stiff!  Don't spend it all in one auction house....",0.000000,0.000000,0.000000,0.000000,0.000000,0.000000,0.000000,0.000000,0.000000,0.000000,0.000000,0.000000,0.000000,0.000000,0.000000,16712190,
180,"Urgent letter enclosed!",0.000000,0.000000,0.000000,0.000000,0.000000,0.000000,0.000000,0.000000,0.000000,0.000000,0.000000,0.000000,0.000000,0.000000,0.000000,16712190,"Open immediately. ",0.000000,0.000000,0.000000,0.000000,0.000000,0.000000,0.000000,0.000000,0.000000,0.000000,0.000000,0.000000,0.000000,0.000000,0.000000,16712190,
181,"Found Enchantment",0.000000,0.000000,0.000000,0.000000,0.000000,0.000000,0.000000,0.000000,0.000000,0.000000,0.000000,0.000000,0.000000,0.000000,0.000000,16712190,"Upon periodic perusal of the nether, we came across the following reagents.  Good day, and... please be more careful when dealing with the arcane.",0.000000,0.000000,0.000000,0.000000,0.000000,0.000000,0.000000,0.000000,0.000000,0.000000,0.000000,0.000000,0.000000,0.000000,0.000000,16712190,
182,"Congrats!",0.000000,0.000000,0.000000,0.000000,0.000000,0.000000,0.000000,0.000000,0.000000,0.000000,0.000000,0.000000,0.000000,0.000000,0.000000,16712190,"You won a nether drake.  An armored netherdrake, at that oh snap.",0.000000,0.000000,0.000000,0.000000,0.000000,0.000000,0.000000,0.000000,0.000000,0.000000,0.000000,0.000000,0.000000,0.000000,0.000000,16712190,
183,"A letter from Shattrath City",0.000000,0.000000,0.000000,0.000000,0.000000,0.000000,0.000000,0.000000,0.000000,0.000000,0.000000,0.000000,0.000000,0.000000,0.000000,16712190,"You have received a letter from Khadgar.",0.000000,0.000000,0.000000,0.000000,0.000000,0.000000,0.000000,0.000000,0.000000,0.000000,0.000000,0.000000,0.000000,0.000000,0.000000,16712190,
184,"Thank you!",0.000000,0.000000,0.000000,0.000000,0.000000,0.000000,0.000000,0.000000,0.000000,0.000000,0.000000,0.000000,0.000000,0.000000,0.000000,16712190,"$N,$B$BThank you for the time that we spent together during Children's Week. Did you know that Farseer Nobundo has asked the orphan matron to allow me to study with him at the Exodar?$B$BThank you for taking me to all of those neat places, and to visit my brother, Jheel. I miss him almost as much as I miss you. And, the Ring of Observance, the Dark Portal and the Caverns of Time were neato!$B$BI'm sure that you're taking good care of my pet. Tell him that I miss him, too!$B$BLove,$B$BDornaa",0.000000,0.000000,0.000000,0.000000,0.000000,0.000000,0.000000,0.000000,0.000000,0.000000,0.000000,0.000000,0.000000,0.000000,0.000000,16711934,
185,"Thank you!",0.000000,0.000000,0.000000,0.000000,0.000000,0.000000,0.000000,0.000000,0.000000,0.000000,0.000000,0.000000,0.000000,0.000000,0.000000,16712190,"Dear, $N,$B$BThank you for taking me out during Children's Week. Lady Liadrin, the leader of the Blood Knights, has asked that I be released to her custody for training in Silvermoon City!$B$BI just wanted to thank you for taking me to see my friend, Hch'uu, as well as the Dark Portal, the Throne of the Elements, and the Caverns of Time. I like my toy dragon very much!$B$BI'm sure that you're taking good care of my pet. Please tell him that I miss him!$B$BSincerely,$B$BSalandria",0.000000,0.000000,0.000000,0.000000,0.000000,0.000000,0.000000,0.000000,0.000000,0.000000,0.000000,0.000000,0.000000,0.000000,0.000000,16711934,
186,"Recovered Fortune Coin",0.000000,0.000000,0.000000,0.000000,0.000000,0.000000,0.000000,0.000000,0.000000,0.000000,0.000000,0.000000,0.000000,0.000000,0.000000,16712190,"We recovered a lost fortune coin while searching the twisting nether, and saw that it was yours. Enjoy!",0.000000,0.000000,0.000000,0.000000,0.000000,0.000000,0.000000,0.000000,0.000000,0.000000,0.000000,0.000000,0.000000,0.000000,0.000000,16712190,
187,"Happy Feast of Winter Veil!",0.000000,0.000000,0.000000,0.000000,0.000000,0.000000,0.000000,0.000000,0.000000,0.000000,0.000000,0.000000,0.000000,0.000000,0.000000,16712190,"Please brew, share and enjoy some steaming-hot spiced apple cider with your friends through the holidays!",0.000000,0.000000,0.000000,0.000000,0.000000,0.000000,0.000000,0.000000,0.000000,0.000000,0.000000,0.000000,0.000000,0.000000,0.000000,16712190,
188,"Happy Feast of Winter Veil!",0.000000,0.000000,0.000000,0.000000,0.000000,0.000000,0.000000,0.000000,0.000000,0.000000,0.000000,0.000000,0.000000,0.000000,0.000000,16712190,"Please sew, share and enjoy some fine green winter clothes with your friends through the holidays!",0.000000,0.000000,0.000000,0.000000,0.000000,0.000000,0.000000,0.000000,0.000000,0.000000,0.000000,0.000000,0.000000,0.000000,0.000000,16712190,
189,"Lost Nether Drake",0.000000,0.000000,0.000000,0.000000,0.000000,0.000000,0.000000,0.000000,0.000000,0.000000,0.000000,0.000000,0.000000,0.000000,0.000000,16712190,"I recently picked up this little drake while perusing the Nether.  He appears to be yours but he could find no home in your packs when given to you.$B$BPlease do enjoy feisty new pet!  He is quite eager to settle into his new home!",0.000000,0.000000,0.000000,0.000000,0.000000,0.000000,0.000000,0.000000,0.000000,0.000000,0.000000,0.000000,0.000000,0.000000,0.000000,16712190,
190,"Guild Bank Closure",0.000000,0.000000,0.000000,0.000000,0.000000,0.000000,0.000000,0.000000,0.000000,0.000000,0.000000,0.000000,0.000000,0.000000,0.000000,16712190,"Please find the following assets, gathered from your guild bank vault upon its closure.",0.000000,0.000000,0.000000,0.000000,0.000000,0.000000,0.000000,0.000000,0.000000,0.000000,0.000000,0.000000,0.000000,0.000000,0.000000,16712190,
191,"Happy Feast of Winter Veil!",0.000000,0.000000,0.000000,0.000000,0.000000,0.000000,0.000000,0.000000,0.000000,0.000000,0.000000,0.000000,0.000000,0.000000,0.000000,16712190,"Please sew, share and enjoy some fine red winter clothes with your friends through the holidays!",0.000000,0.000000,0.000000,0.000000,0.000000,0.000000,0.000000,0.000000,0.000000,0.000000,0.000000,0.000000,0.000000,0.000000,0.000000,16712190,
192,"Happy Feast of Winter Veil!",0.000000,0.000000,0.000000,0.000000,0.000000,0.000000,0.000000,0.000000,0.000000,0.000000,0.000000,0.000000,0.000000,0.000000,0.000000,16712190,"Please craft, share and enjoy some cozy winter boots with your friends through the holidays!",0.000000,0.000000,0.000000,0.000000,0.000000,0.000000,0.000000,0.000000,0.000000,0.000000,0.000000,0.000000,0.000000,0.000000,0.000000,16712190,
193,"A letter from Archmage Malin",0.000000,0.000000,0.000000,0.000000,0.000000,0.000000,0.000000,0.000000,0.000000,0.000000,0.000000,0.000000,0.000000,0.000000,0.000000,16711916,"Dear, $N,$B$BCommander Azuresteel's personal courier saw to it that I received my daughter's letter. The courier also told me that it was you who found it.$B$BI just want to thank you for seeing to it that the letter got to me. I know that times must be tough for all of you brave souls who are daring to fight in Northrend.$B$BRest assured that I will avenge Emmy. The blue dragonflight will suffer for what they did to my little girl!$B$BWith the utmost respect and gratitude,$B$BArchmage Malin",0.000000,0.000000,0.000000,0.000000,0.000000,0.000000,0.000000,0.000000,0.000000,0.000000,0.000000,0.000000,0.000000,0.000000,0.000000,16711916,
194,"A letter from Deino",0.000000,0.000000,0.000000,0.000000,0.000000,0.000000,0.000000,0.000000,0.000000,0.000000,0.000000,0.000000,0.000000,0.000000,0.000000,16711916,"Dearest, $N,$B$BOverlord Agmar's personal courier saw to it that I received my brother's letter. The courier also told me that it was you who found it.$B$BI just want to thank you for seeing to it that the letter got to me. I know that times must be tough for all of you brave souls who are daring to fight in Northrend.$B$BRest assured that I will avenge Ta'zinni. The blue dragonflight will suffer for what they did to my little brother!$B$BWith the utmost respect and gratitude,$B$BDeino",0.000000,0.000000,0.000000,0.000000,0.000000,0.000000,0.000000,0.000000,0.000000,0.000000,0.000000,0.000000,0.000000,0.000000,0.000000,16711916,
195,"The Competitor's Tabard",0.000000,0.000000,0.000000,0.000000,0.000000,0.000000,0.000000,0.000000,0.000000,0.000000,0.000000,0.000000,0.000000,0.000000,0.000000,16712190,"You fought bravely in a battleground and impressed the Spirits of Competition... well done! As a reward, you have been gifted with this mark of favor: a Competitor's Tabard. Wear it proudly.",0.000000,0.000000,0.000000,0.000000,0.000000,0.000000,0.000000,0.000000,0.000000,0.000000,0.000000,0.000000,0.000000,0.000000,0.000000,16712190,
196,"A Gold Medallion",0.000000,0.000000,0.000000,0.000000,0.000000,0.000000,0.000000,0.000000,0.000000,0.000000,0.000000,0.000000,0.000000,0.000000,0.000000,16712190,"You have honored the Spirits of Competition with your fervor in the face of the enemy. Congratulations! With this Gold Medallion, they will be proud to be seen at your side.",0.000000,0.000000,0.000000,0.000000,0.000000,0.000000,0.000000,0.000000,0.000000,0.000000,0.000000,0.000000,0.000000,0.000000,0.000000,16712190,
197,"A New Year, A New Brew!",0.000000,0.000000,0.000000,0.000000,0.000000,0.000000,0.000000,0.000000,0.000000,0.000000,0.000000,0.000000,0.000000,0.000000,0.000000,16712190,"Greetings $n!$b$b   We hope that the new year is treating you well.  If it isn't, stop by our vendors to pick up the latest brew.  It is sure to bring out the animal in you.$b$b   Enjoy the samples and have a great new year!$b$b- Brew of the Month Club",0.000000,0.000000,0.000000,0.000000,0.000000,0.000000,0.000000,0.000000,0.000000,0.000000,0.000000,0.000000,0.000000,0.000000,0.000000,16712190,
198,"Can't Keep A Good Brew Down.",0.000000,0.000000,0.000000,0.000000,0.000000,0.000000,0.000000,0.000000,0.000000,0.000000,0.000000,0.000000,0.000000,0.000000,0.000000,16712190,"$n,$b$b   Sometimes you can't keep a good brew down.  This new brew is good, but can you keep it down?$b$b   Remember, if you like these samples, you can get more from visiting our vendors.$b$bEnjoy!$b$b- Brew of the Month Club",0.000000,0.000000,0.000000,0.000000,0.000000,0.000000,0.000000,0.000000,0.000000,0.000000,0.000000,0.000000,0.000000,0.000000,0.000000,16712190,
199,"Some Buzz On The Latest Brew",0.000000,0.000000,0.000000,0.000000,0.000000,0.000000,0.000000,0.000000,0.000000,0.000000,0.000000,0.000000,0.000000,0.000000,0.000000,16712190,"Hello $n,$b$b   Sometimes you want a fragrant brew, and what is a better aroma than honey?  Creatures great and small all love the sweet smell of honey.  Once you try this brew out, we think you'll agree.$b$b   Remember, if you enjoyed these samples, you can purchase more from visiting our vendors.$b$bEnjoy!$b$b- Brew of the Month Club",0.000000,0.000000,0.000000,0.000000,0.000000,0.000000,0.000000,0.000000,0.000000,0.000000,0.000000,0.000000,0.000000,0.000000,0.000000,16712190,
200,"Because You Demanded It",0.000000,0.000000,0.000000,0.000000,0.000000,0.000000,0.000000,0.000000,0.000000,0.000000,0.000000,0.000000,0.000000,0.000000,0.000000,16712190,"Greetings $n,$b$b   We've heard that some of our members wanted a brew that was a little more light and bubbly.  We've tried to tell them this isn't the "Champagne of the Month Club."  Unfortunately, that didn't stop the demand.  Hopefully this month's brew will satisfy those that want a lighter and more bubbly brew.$b$b   Don't forget, if you enjoyed this sample, it is available for purchase from our vendors.$b$bEnjoy!$b$b- Brew of the Month Club",0.000000,0.000000,0.000000,0.000000,0.000000,0.000000,0.000000,0.000000,0.000000,0.000000,0.000000,0.000000,0.000000,0.000000,0.000000,16711934,
201,"A Springtime Celebration!",0.000000,0.000000,0.000000,0.000000,0.000000,0.000000,0.000000,0.000000,0.000000,0.000000,0.000000,0.000000,0.000000,0.000000,0.000000,16712190,"Hello $n,$b$b   Spring is definitely in the air, and this month you may find it underfoot!  Try out our new brew, Springtime Stout.  It's a refreshing brew perfect for this time of year.$b$b  Enjoy the sample, and remember if you enjoy this brew visit our vendors to purchase more!$b$b- Brew of the Month Club",0.000000,0.000000,0.000000,0.000000,0.000000,0.000000,0.000000,0.000000,0.000000,0.000000,0.000000,0.000000,0.000000,0.000000,0.000000,16712190,
202,"This Brew Is Hot",0.000000,0.000000,0.000000,0.000000,0.000000,0.000000,0.000000,0.000000,0.000000,0.000000,0.000000,0.000000,0.000000,0.000000,0.000000,16712190,"$n,$b$b   We've got a hot brew for you this month!  All the way from Blackrock Mountain comes Blackrock Lager.$b$b   Remember, if you enjoyed this small sample, you can purchase more from our vendors.$b$bEnjoy!$b$b- Brew of the Month Club",0.000000,0.000000,0.000000,0.000000,0.000000,0.000000,0.000000,0.000000,0.000000,0.000000,0.000000,0.000000,0.000000,0.000000,0.000000,16712062,
203,"A Dangerous Brew",0.000000,0.000000,0.000000,0.000000,0.000000,0.000000,0.000000,0.000000,0.000000,0.000000,0.000000,0.000000,0.000000,0.000000,0.000000,16712190,"Greetings $n,$b$b   We have an exciting brew for you this month.  Brew of the Month Club members have braved the jungles of Stranglethorn and have returned with this mysterious brew.$b$b   Don't forget that if you enjoyed this brew sample, you can purchase more from our vendors.$b$bEnjoy!$b$b- Brew of the Month Club",0.000000,0.000000,0.000000,0.000000,0.000000,0.000000,0.000000,0.000000,0.000000,0.000000,0.000000,0.000000,0.000000,0.000000,0.000000,16712190,
204,"A Brew You Won't Forget",0.000000,0.000000,0.000000,0.000000,0.000000,0.000000,0.000000,0.000000,0.000000,0.000000,0.000000,0.000000,0.000000,0.000000,0.000000,16712190,"Warm wishes $n,$b$b   Sometimes you have to go out of your way to find the best brew.  This month's brew has traveled a long way, but we feel that it is well worth it.$b$b   Remember that if you enjoyed this brew sample, you can purchase more from our vendors.$b$bEnjoy!$b$b- Brew of the Month Club",0.000000,0.000000,0.000000,0.000000,0.000000,0.000000,0.000000,0.000000,0.000000,0.000000,0.000000,0.000000,0.000000,0.000000,0.000000,16712190,
205,"A Brew You'll Like",0.000000,0.000000,0.000000,0.000000,0.000000,0.000000,0.000000,0.000000,0.000000,0.000000,0.000000,0.000000,0.000000,0.000000,0.000000,16712190,"Hi $n,$b$b   Our brew this month is a polarizing one; you either love it or like it.  We'll let you decide.$b$b   If you enjoy this brew, you can purchase more from our vendors.$b$bEnjoy!$b$b- Brew of the Month Club",0.000000,0.000000,0.000000,0.000000,0.000000,0.000000,0.000000,0.000000,0.000000,0.000000,0.000000,0.000000,0.000000,0.000000,0.000000,16712190,
206,"An Autumn Affair",0.000000,0.000000,0.000000,0.000000,0.000000,0.000000,0.000000,0.000000,0.000000,0.000000,0.000000,0.000000,0.000000,0.000000,0.000000,16712190,"Hello $n,$b$b   Our brew this month is a celebration of autumn.  We think this brew captures just some of the essence of this season.  But you don't have to take our word for it, give it a try.$b$b   If you enjoyed this sample, you can purchase more from our vendors.$b$bEnjoy!$b$b- Brew of the Month Club",0.000000,0.000000,0.000000,0.000000,0.000000,0.000000,0.000000,0.000000,0.000000,0.000000,0.000000,0.000000,0.000000,0.000000,0.000000,16712190,
207,"A Brew Even Your Friends Can Enjoy",0.000000,0.000000,0.000000,0.000000,0.000000,0.000000,0.000000,0.000000,0.000000,0.000000,0.000000,0.000000,0.000000,0.000000,0.000000,16712190,"Greetings $n!$b$b   We hope that the year has been treating you well.  If it hasn't, stop by our vendors to pick up our latest: Bartlett's Bitter Brew.  The flavor is unmatched, but we warn you that it is not for the weak of stomach.$b$b   Enjoy the samples and share with your friends!$b$b- Brew of the Month Club",0.000000,0.000000,0.000000,0.000000,0.000000,0.000000,0.000000,0.000000,0.000000,0.000000,0.000000,0.000000,0.000000,0.000000,0.000000,16712190,
208,"A Chilling Tale",0.000000,0.000000,0.000000,0.000000,0.000000,0.000000,0.000000,0.000000,0.000000,0.000000,0.000000,0.000000,0.000000,0.000000,0.000000,16712190,"$n,$b$b   This past summer we had some of our members tackle with the mighty Lord of Frost.  More importantly, they discovered a large stash of his own brew.  We've manage to stockpile a large amount of this rare brew and are sending you some samples.$b$b   If you enjoyed this refreshing sample, you can purchase more from our vendors.$b$bEnjoy!$b$b- Brew of the Month Club",0.000000,0.000000,0.000000,0.000000,0.000000,0.000000,0.000000,0.000000,0.000000,0.000000,0.000000,0.000000,0.000000,0.000000,0.000000,16712190,
209,"Welcome to the Brew of the Month Club!",0.000000,0.000000,0.000000,0.000000,0.000000,0.000000,0.000000,0.000000,0.000000,0.000000,0.000000,0.000000,0.000000,0.000000,0.000000,16712190,"$n,$b$b   Welcome to the Brew of the Month club!  This club is dedicated to bringing you some of the finest brew in all the realms.$b$b   Every month a new brew will be mailed directly to you.  If you enjoy that brew and want more, head to the Stonefire Tavern in Ironforge and talk to the Brew of the Month club members there.$b$b   Again, welcome to the club, $n.$b$b$b- Brew of the Month Club",0.000000,0.000000,0.000000,0.000000,0.000000,0.000000,0.000000,0.000000,0.000000,0.000000,0.000000,0.000000,0.000000,0.000000,0.000000,16712190,
210,"Welcome to the Brew of the Month Club!",0.000000,0.000000,0.000000,0.000000,0.000000,0.000000,0.000000,0.000000,0.000000,0.000000,0.000000,0.000000,0.000000,0.000000,0.000000,16712190,"$n,$b$b   Welcome to the Brew of the Month club!  This club is dedicated to bringing you some of the finest brew in all the realms.$b$b   Every month a new brew will be mailed directly to you.  If you enjoy that brew and want more, head to the Darkbriar Lodge in Orgrimmar's Valley of Spirits and talk to the Brew of the Month club members there.$b$b   Again, welcome to the club, $n.$b$b$b- Brew of the Month Club",0.000000,0.000000,0.000000,0.000000,0.000000,0.000000,0.000000,0.000000,0.000000,0.000000,0.000000,0.000000,0.000000,0.000000,0.000000,16712190,
211,"Congratulations!",0.000000,0.000000,0.000000,0.000000,0.000000,0.000000,0.000000,0.000000,0.000000,0.000000,0.000000,0.000000,0.000000,0.000000,0.000000,16712190,"On behalf of the Steamwheedle Fighting Circuit, we congratulate you for your successes in this arena season.$B$BIn recognition of your skill and savagery, we hereby bestow upon you this Vengeful Nether Drake.  May it serve you well.",0.000000,0.000000,0.000000,0.000000,0.000000,0.000000,0.000000,0.000000,0.000000,0.000000,0.000000,0.000000,0.000000,0.000000,0.000000,16712190,
212,"A New Year Calls For A New Brew!",0.000000,0.000000,0.000000,0.000000,0.000000,0.000000,0.000000,0.000000,0.000000,0.000000,0.000000,0.000000,0.000000,0.000000,0.000000,16712190,"Greetings $n!$b$b   We hope that the new year is treating you well.  If it isn't, stop by our vendors to pick up the latest brew.  It is sure to bring out the animal in you.$b$b   Enjoy the samples and have a great new year!$b$b- Brew of the Month Club",0.000000,0.000000,0.000000,0.000000,0.000000,0.000000,0.000000,0.000000,0.000000,0.000000,0.000000,0.000000,0.000000,0.000000,0.000000,16712190,
213,"It's Hard To Keep A Good Brew Down.",0.000000,0.000000,0.000000,0.000000,0.000000,0.000000,0.000000,0.000000,0.000000,0.000000,0.000000,0.000000,0.000000,0.000000,0.000000,16712190,"$n,$b$b   Sometimes you can't keep a good brew down.  This new brew is good, but can you keep it down?$b$b   Remember, if you like these samples, you can get more from visiting our vendors.$b$bEnjoy!$b$b- Brew of the Month Club",0.000000,0.000000,0.000000,0.000000,0.000000,0.000000,0.000000,0.000000,0.000000,0.000000,0.000000,0.000000,0.000000,0.000000,0.000000,16712190,
214,"The Latest Buzz",0.000000,0.000000,0.000000,0.000000,0.000000,0.000000,0.000000,0.000000,0.000000,0.000000,0.000000,0.000000,0.000000,0.000000,0.000000,16712190,"Hello $n,$b$b   Sometimes you want a fragrant brew, and what is a better aroma than honey?  Creatures great and small all love the sweet smell of honey.  Once you try this brew out, we think you'll agree.$b$b   Remember, if you enjoyed these samples, you can purchase more from visiting our vendors.$b$bEnjoy!$b$b- Brew of the Month Club",0.000000,0.000000,0.000000,0.000000,0.000000,0.000000,0.000000,0.000000,0.000000,0.000000,0.000000,0.000000,0.000000,0.000000,0.000000,16712190,
215,"Because You Asked For It",0.000000,0.000000,0.000000,0.000000,0.000000,0.000000,0.000000,0.000000,0.000000,0.000000,0.000000,0.000000,0.000000,0.000000,0.000000,16712190,"Greetings $n,$b$b   We've heard that some of our members wanted a brew that was a little more light and bubbly.  We've tried to tell them this isn't the "Champagne of the Month Club."  Unfortunately, that didn't stop the demand.  Hopefully this month's brew will satisfy those that want a lighter and more bubbly brew.$b$b   Don't forget, if you enjoyed this sample, it is available for purchase from our vendors.$b$bEnjoy!$b$b- Brew of the Month Club",0.000000,0.000000,0.000000,0.000000,0.000000,0.000000,0.000000,0.000000,0.000000,0.000000,0.000000,0.000000,0.000000,0.000000,0.000000,16712190,
216,"It's Time To Celebrate Spring!",0.000000,0.000000,0.000000,0.000000,0.000000,0.000000,0.000000,0.000000,0.000000,0.000000,0.000000,0.000000,0.000000,0.000000,0.000000,16712190,"Hello $n,$b$b   Spring is definitely in the air, and this month you may find it underfoot!  Try out our new brew, Springtime Stout.  It's a refreshing brew perfect for this time of year.$b$b  Enjoy the sample, and remember if you enjoy this brew visit our vendors to purchase more!$b$b- Brew of the Month Club",0.000000,0.000000,0.000000,0.000000,0.000000,0.000000,0.000000,0.000000,0.000000,0.000000,0.000000,0.000000,0.000000,0.000000,0.000000,16712062,
217,"A Hot Brew",0.000000,0.000000,0.000000,0.000000,0.000000,0.000000,0.000000,0.000000,0.000000,0.000000,0.000000,0.000000,0.000000,0.000000,0.000000,16712190,"$n,$b$b   We've got a hot brew for you this month!  All the way from Blackrock Mountain comes Blackrock Lager.$b$b   Remember, if you enjoyed this small sample, you can purchase more from our vendors.$b$bEnjoy!$b$b- Brew of the Month Club",0.000000,0.000000,0.000000,0.000000,0.000000,0.000000,0.000000,0.000000,0.000000,0.000000,0.000000,0.000000,0.000000,0.000000,0.000000,16712062,
218,"A Mysterious Brew",0.000000,0.000000,0.000000,0.000000,0.000000,0.000000,0.000000,0.000000,0.000000,0.000000,0.000000,0.000000,0.000000,0.000000,0.000000,16712190,"Greetings $n,$b$b   We have an exciting brew for you this month.  Brew of the Month Club members have braved the jungles of Stranglethorn and have returned with this mysterious brew.$b$b   Don't forget that if you enjoyed this brew sample, you can purchase more from our vendors.$b$bEnjoy!$b$b- Brew of the Month Club",0.000000,0.000000,0.000000,0.000000,0.000000,0.000000,0.000000,0.000000,0.000000,0.000000,0.000000,0.000000,0.000000,0.000000,0.000000,16712190,
219,"Did You Remember Your Brew?",0.000000,0.000000,0.000000,0.000000,0.000000,0.000000,0.000000,0.000000,0.000000,0.000000,0.000000,0.000000,0.000000,0.000000,0.000000,16712190,"Warm wishes $n,$b$b   Sometimes you have to go out of your way to find the best brew.  This month's brew has traveled a long way, but we feel that it is well worth it.$b$b   Remember that if you enjoyed this brew sample, you can purchase more from our vendors.$b$bEnjoy!$b$b- Brew of the Month Club",0.000000,0.000000,0.000000,0.000000,0.000000,0.000000,0.000000,0.000000,0.000000,0.000000,0.000000,0.000000,0.000000,0.000000,0.000000,16712190,
220,"A Brew You'll Love",0.000000,0.000000,0.000000,0.000000,0.000000,0.000000,0.000000,0.000000,0.000000,0.000000,0.000000,0.000000,0.000000,0.000000,0.000000,16712190,"Hi $n,$b$b   Our brew this month is a polarizing one; you either love it or like it.  We'll let you decide.$b$b   If you enjoy this brew, you can purchase more from our vendors.$b$bEnjoy!$b$b- Brew of the Month Club",0.000000,0.000000,0.000000,0.000000,0.000000,0.000000,0.000000,0.000000,0.000000,0.000000,0.000000,0.000000,0.000000,0.000000,0.000000,16712190,
221,"A Festive Fall",0.000000,0.000000,0.000000,0.000000,0.000000,0.000000,0.000000,0.000000,0.000000,0.000000,0.000000,0.000000,0.000000,0.000000,0.000000,16712190,"Hello $n,$b$b   Our brew this month is a celebration of autumn.  We think this brew captures just some of the essence of this season.  But you don't have to take our word for it, give it a try.$b$b   If you enjoyed this sample, you can purchase more from our vendors.$b$bEnjoy!$b$b- Brew of the Month Club",0.000000,0.000000,0.000000,0.000000,0.000000,0.000000,0.000000,0.000000,0.000000,0.000000,0.000000,0.000000,0.000000,0.000000,0.000000,16712190,
222,"Fun For You And Your Friends",0.000000,0.000000,0.000000,0.000000,0.000000,0.000000,0.000000,0.000000,0.000000,0.000000,0.000000,0.000000,0.000000,0.000000,0.000000,16712190,"Greetings $n!$b$b   We hope that the year has been treating you well.  If it hasn't, stop by our vendors to pick up our latest: Bartlett's Bitter Brew.  The flavor is unmatched, but we warn you that it is not for the weak of stomach.$b$b   Enjoy the samples and share with your friends!$b$b- Brew of the Month Club",0.000000,0.000000,0.000000,0.000000,0.000000,0.000000,0.000000,0.000000,0.000000,0.000000,0.000000,0.000000,0.000000,0.000000,0.000000,16712190,
223,"A Cool Brew",0.000000,0.000000,0.000000,0.000000,0.000000,0.000000,0.000000,0.000000,0.000000,0.000000,0.000000,0.000000,0.000000,0.000000,0.000000,16712190,"$n,$b$b   This past summer we had some of our members tackle with the mighty Lord of Frost.  More importantly, they discovered a large stash of his own brew.  We've manage to stockpile a large amount of this rare brew and are sending you some samples.$b$b   If you enjoyed this refreshing sample, you can purchase more from our vendors.$b$bEnjoy!$b$b- Brew of the Month Club",0.000000,0.000000,0.000000,0.000000,0.000000,0.000000,0.000000,0.000000,0.000000,0.000000,0.000000,0.000000,0.000000,0.000000,0.000000,16712190,
224,"Learn to Ride in Elwynn Forest",0.000000,0.000000,0.000000,0.000000,0.000000,0.000000,0.000000,0.000000,0.000000,0.000000,0.000000,0.000000,0.000000,0.000000,0.000000,16712190,"Good $gSir:Lady; $n,$B$BI hope this letter finds you well. I am writing to make you aware of my services as a riding trainer. Should you wish to learn, you need only visit me at the Eastvale Logging Camp, found along the road east out of Stormwind. My fee is a modest thirty-five gold coins.$B$BIf you'd care to purchase a mount upon learning how to ride, the horse breeder Katie Hunter offers a number of noble steeds, each no more than ten gold coins.$B$BYours, Randal Hunter",0.000000,0.000000,0.000000,0.000000,0.000000,0.000000,0.000000,0.000000,0.000000,0.000000,0.000000,0.000000,0.000000,0.000000,0.000000,16711934,
225,"Learn to Ride in Darnassus",0.000000,0.000000,0.000000,0.000000,0.000000,0.000000,0.000000,0.000000,0.000000,0.000000,0.000000,0.000000,0.000000,0.000000,0.000000,16712190,"Good fortune to you, $n.$B$BI am writing to make you aware of my services as a riding trainer. Should you wish to learn, you need only visit me at the Cenarion Enclave in Darnassus. My fee is a modest thirty-five gold coins.$B$BIf you desire to purchase a mount upon learning how to ride, the saber handler Lelanai offers a number of noble beasts, each no more than ten gold coins.$B$BWishing you well, Jartsam",0.000000,0.000000,0.000000,0.000000,0.000000,0.000000,0.000000,0.000000,0.000000,0.000000,0.000000,0.000000,0.000000,0.000000,0.000000,16711934,
226,"Learn to Ride in Dun Morogh",0.000000,0.000000,0.000000,0.000000,0.000000,0.000000,0.000000,0.000000,0.000000,0.000000,0.000000,0.000000,0.000000,0.000000,0.000000,16712190,"Hey there, $glad:lass;! Looking to learn to ride? Then come visit me in at the Amberstill Ranch, found along the road east out of Ironforge.$B$BMy fee's only thirty-five gold coins, and if you want a ram to ride, Veron Amberstill offers a number of noble steeds for no more than ten gold coins a piece.$B$B- Ultham",0.000000,0.000000,0.000000,0.000000,0.000000,0.000000,0.000000,0.000000,0.000000,0.000000,0.000000,0.000000,0.000000,0.000000,0.000000,16712190,
227,"Learn to Ride at The Exodar",0.000000,0.000000,0.000000,0.000000,0.000000,0.000000,0.000000,0.000000,0.000000,0.000000,0.000000,0.000000,0.000000,0.000000,0.000000,16712190,"Greetings, $n.$B$BI hope this letter finds you well. I am writing to make you aware of my services as a riding trainer. Should you wish to learn, you need only visit me at the entrance to The Exodar. My fee is a modest thirty-five gold coins.$B$BIf you desire to purchase an elekk upon learning how to ride, Torallius the Pack Handler offers a number of noble steeds, each no more than ten gold coins.$B$BGo in peace, Aalun",0.000000,0.000000,0.000000,0.000000,0.000000,0.000000,0.000000,0.000000,0.000000,0.000000,0.000000,0.000000,0.000000,0.000000,0.000000,16711934,
228,"Learn to Ride in Dun Morogh",0.000000,0.000000,0.000000,0.000000,0.000000,0.000000,0.000000,0.000000,0.000000,0.000000,0.000000,0.000000,0.000000,0.000000,0.000000,16712190,"Salutations, $n! Looking to get around faster? Then come visit Milli and me at Steelgrill's Depot, just northeast of Kharanos.$B$BMy riding trainer's fee is only thirty-five gold coins, and if you want your own mechanostrider, Milli builds them for no more than ten gold coins each!$B$BHoping to see you soon, Binjy",0.000000,0.000000,0.000000,0.000000,0.000000,0.000000,0.000000,0.000000,0.000000,0.000000,0.000000,0.000000,0.000000,0.000000,0.000000,16712190,
229,"Learn to Ride in Mulgore",0.000000,0.000000,0.000000,0.000000,0.000000,0.000000,0.000000,0.000000,0.000000,0.000000,0.000000,0.000000,0.000000,0.000000,0.000000,16712190,"Hail, brave $n.$B$BI wish to make you aware of my services as a riding trainer. Should you desire to learn, you need only visit me in Bloodhoof Village. My fee is a modest thirty-five gold coins.$B$BIf you wish to purchase a kodo upon learning how to ride, Harb Clawhoof offers a number of noble beasts, each no more than ten gold coins.$B$BGood journeys, Kar",0.000000,0.000000,0.000000,0.000000,0.000000,0.000000,0.000000,0.000000,0.000000,0.000000,0.000000,0.000000,0.000000,0.000000,0.000000,16712190,
230,"Learn to Ride in Durotar",0.000000,0.000000,0.000000,0.000000,0.000000,0.000000,0.000000,0.000000,0.000000,0.000000,0.000000,0.000000,0.000000,0.000000,0.000000,16712190,"You want to ride, $n? Then you come see me in Senjin Village. I teach you for only thirty-five gold coins.$B$BMaybe then you want a raptor to ride on? You talk to Zjolnir. He sell you one for ten, maybe less.$B$BStay away from the voodoo!$B$BXar'Ti",0.000000,0.000000,0.000000,0.000000,0.000000,0.000000,0.000000,0.000000,0.000000,0.000000,0.000000,0.000000,0.000000,0.000000,0.000000,16712190,
231,"Learn to Ride in Orgrimmar",0.000000,0.000000,0.000000,0.000000,0.000000,0.000000,0.000000,0.000000,0.000000,0.000000,0.000000,0.000000,0.000000,0.000000,0.000000,16712190,"Strength and Honor, $n.$B$BI am Orgrimmar's riding trainer. Should you desire to learn, you need only visit me in the Valley of Honor. My fee is a modest thirty-five gold coins.$B$BIf you wish to purchase a wolf upon learning how to ride, Ogunaro Wolfrunner's kennels house a number of noble beasts, each no more than ten gold coins.$B$B- Kildar",0.000000,0.000000,0.000000,0.000000,0.000000,0.000000,0.000000,0.000000,0.000000,0.000000,0.000000,0.000000,0.000000,0.000000,0.000000,16712190,
232,"Learn to Ride in the Eversong Woods",0.000000,0.000000,0.000000,0.000000,0.000000,0.000000,0.000000,0.000000,0.000000,0.000000,0.000000,0.000000,0.000000,0.000000,0.000000,16712190,"Good $n,$B$BI hope this letter finds you well. I am writing to make you aware of my services as a riding trainer. Should you wish to learn, you need only visit me at Thuron's Livery, found southeast of the Shepherd's Gate leaving Silvermoon City. My fee is a modest thirty-five gold coins.$B$BIf you'd care to purchase a mount upon learning how to ride, the hawkstrider breeder Winaestra offers a number of noble steeds, each no more than ten gold coins.$B$BSafe travels, Perascamin",0.000000,0.000000,0.000000,0.000000,0.000000,0.000000,0.000000,0.000000,0.000000,0.000000,0.000000,0.000000,0.000000,0.000000,0.000000,16711934,
233,"Learn to Ride in Tirisfal Glades",0.000000,0.000000,0.000000,0.000000,0.000000,0.000000,0.000000,0.000000,0.000000,0.000000,0.000000,0.000000,0.000000,0.000000,0.000000,16712190,"Good $gSir:Lady; $n,$B$BI write to make you aware of my services as a riding trainer. Should you wish to learn, you need only visit me in Brill. My fee is a modest thirty-five gold coins.$B$BIf you'd care to purchase a mount upon learning how to ride, Zachariah Post has gathered a number of horses suitable to our needs and sells them for no more than ten gold coins per head.$B$BYours, Velam Warnam",0.000000,0.000000,0.000000,0.000000,0.000000,0.000000,0.000000,0.000000,0.000000,0.000000,0.000000,0.000000,0.000000,0.000000,0.000000,16712190,
234,"Watch Your Back",0.000000,0.000000,0.000000,0.000000,0.000000,0.000000,0.000000,0.000000,0.000000,0.000000,0.000000,0.000000,0.000000,0.000000,0.000000,16711918,"Krenna heard that we freed one of the trappers and she's absolutely furious.$B$BYou'd best keep your head down for a while or we'll both end up wrestling bears in the pit.$B$B-Gorgonna",0.000000,0.000000,0.000000,0.000000,0.000000,0.000000,0.000000,0.000000,0.000000,0.000000,0.000000,0.000000,0.000000,0.000000,0.000000,16711918,
235,"A Swift Zhevra",0.000000,0.000000,0.000000,0.000000,0.000000,0.000000,0.000000,0.000000,0.000000,0.000000,0.000000,0.000000,0.000000,0.000000,0.000000,16712190,"TO: $n$B$BFROM: Nesingwary Exotic Mount Supply Co. LLC$B$BCONTENTS OF CRATE:$B$B- One (1) Zhevra$B$B- One (1) Zhevra Saddle$B$B- Four (4) Zhevra Hooves$B$B- Two (2) Spare Zhevra Hooves$B$B- DO NOT OBSTRUCT AIR HOLES -",0.000000,0.000000,0.000000,0.000000,0.000000,0.000000,0.000000,0.000000,0.000000,0.000000,0.000000,0.000000,0.000000,0.000000,0.000000,16712190,
236,"In The Name Of The Light!",0.000000,0.000000,0.000000,0.000000,0.000000,0.000000,0.000000,0.000000,0.000000,0.000000,0.000000,0.000000,0.000000,0.000000,0.000000,16712046,"To: High General Abbendis
New Avalon, Scarlet Lands
",0.000000,0.000000,0.000000,0.000000,0.000000,0.000000,0.000000,0.000000,0.000000,0.000000,0.000000,0.000000,0.000000,0.000000,0.000000,16711790,
