<Ui xmlns="http://www.blizzard.com/wow/ui" xmlns:xsi="http://www.w3.org/2001/XMLSchema-instance">
  <!--Autogenerated by wowuides, Version=1.0.300.0, Culture=neutral, PublicKeyToken=null-->
  <Frame name="AnnounceForm" hidden="true" movable="true" resizable="true" enableMouse="true">
    <!--<FrameSkin skinid="dcb143e1-a4ab-4e7c-b934-1efa40101d21" frameid="2d508883-59c2-4f83-ae10-27aaad48391b" />-->
    <Size>
      <AbsDimension x="186" y="309" />
    </Size>
    <Anchors>
      <Anchor point="RIGHT" relativeTo="UIParent">
        <Offset>
          <AbsDimension x="0" y="0" />
        </Offset>
      </Anchor>
    </Anchors>
    <Backdrop bgFile="Interface\DialogFrame\UI-DialogBox-Background" edgeFile="Interface\DialogFrame\UI-DialogBox-Border" tile="true">
      <BackgroundInsets>
        <AbsInset left="11" right="12" top="12" bottom="11" />
      </BackgroundInsets>
      <TileSize>
        <AbsValue val="32" />
      </TileSize>
      <EdgeSize>
        <AbsValue val="32" />
      </EdgeSize>
    </Backdrop>
    <Layers>
      <Layer>
        <Texture name="$parentTitleBorder" file="Interface\DialogFrame\UI-DialogBox-Header">
          <Size>
            <AbsDimension x="160" y="32" />
          </Size>
          <Anchors>
            <Anchor point="TOP">
              <Offset>
                <AbsDimension x="0" y="5" />
              </Offset>
            </Anchor>
          </Anchors>
          <TexCoords left="0.2" right="0.8" top="0" bottom="0.6" />
        </Texture>
        <FontString name="$parentTitleString" font="Fonts\FRIZQT__.TTF" text="Announcements">
          <Size>
            <AbsDimension x="140" y="0" />
          </Size>
          <Anchors>
            <Anchor point="TOP">
              <Offset>
                <AbsDimension x="0" y="-4" />
              </Offset>
            </Anchor>
          </Anchors>
          <FontHeight>
            <AbsValue val="12" />
          </FontHeight>
          <Color r="1" g="0.8196079" b="0" />
          <Shadow>
            <Color r="0" g="0" b="0" />
            <Offset>
              <AbsDimension x="1" y="-1" />
            </Offset>
          </Shadow>
        </FontString>
      </Layer>
    </Layers>
    <Frames>
      <Frame name="$parentLabel7">
        <!--<FrameSkin skinid="dcb143e1-a4ab-4e7c-b934-1efa40101d21" frameid="2d508885-59c2-4f83-ae10-27aaad48391b" />-->
        <Size>
          <AbsDimension x="90" y="18" />
        </Size>
        <Anchors>
          <Anchor point="TOPLEFT">
            <Offset>
              <AbsDimension x="47" y="-271" />
            </Offset>
          </Anchor>
        </Anchors>
        <Layers>
          <Layer>
            <FontString name="$parentLabel" font="Fonts\FRIZQT__.TTF" text="Done">
              <Anchors>
                <Anchor point="TOPLEFT" />
                <Anchor point="BOTTOMRIGHT" />
              </Anchors>
              <FontHeight>
                <AbsValue val="12" />
              </FontHeight>
              <Color r="1" g="0.8196079" b="0" />
              <Shadow>
                <Color r="0" g="0" b="0" />
                <Offset>
                  <AbsDimension x="1" y="-1" />
                </Offset>
              </Shadow>
            </FontString>
          </Layer>
        </Layers>
      </Frame>
      <Frame name="$parentLabel6">
        <!--<FrameSkin skinid="dcb143e1-a4ab-4e7c-b934-1efa40101d21" frameid="2d508885-59c2-4f83-ae10-27aaad48391b" />-->
        <Size>
          <AbsDimension x="143" y="24" />
        </Size>
        <Anchors>
          <Anchor point="TOPLEFT">
            <Offset>
              <AbsDimension x="21" y="-240" />
            </Offset>
          </Anchor>
        </Anchors>
        <Layers>
          <Layer>
            <FontString name="$parentLabel" font="Fonts\FRIZQT__.TTF" text="IV">
              <Anchors>
                <Anchor point="TOPLEFT" />
                <Anchor point="BOTTOMRIGHT" />
              </Anchors>
              <FontHeight>
                <AbsValue val="12" />
              </FontHeight>
              <Color r="1" g="0.8196079" b="0" />
              <Shadow>
                <Color r="0" g="0" b="0" />
                <Offset>
                  <AbsDimension x="1" y="-1" />
                </Offset>
              </Shadow>
            </FontString>
          </Layer>
        </Layers>
      </Frame>
      <Frame name="$parentLabel5">
        <!--<FrameSkin skinid="dcb143e1-a4ab-4e7c-b934-1efa40101d21" frameid="2d508885-59c2-4f83-ae10-27aaad48391b" />-->
        <Size>
          <AbsDimension x="65" y="24" />
        </Size>
        <Anchors>
          <Anchor point="TOPLEFT">
            <Offset>
              <AbsDimension x="99" y="-210" />
            </Offset>
          </Anchor>
        </Anchors>
        <Layers>
          <Layer>
            <FontString name="$parentLabel" font="Fonts\FRIZQT__.TTF" text="IV">
              <Anchors>
                <Anchor point="TOPLEFT" />
                <Anchor point="BOTTOMRIGHT" />
              </Anchors>
              <FontHeight>
                <AbsValue val="12" />
              </FontHeight>
              <Color r="1" g="0.8196079" b="0" />
              <Shadow>
                <Color r="0" g="0" b="0" />
                <Offset>
                  <AbsDimension x="1" y="-1" />
                </Offset>
              </Shadow>
            </FontString>
          </Layer>
        </Layers>
      </Frame>
      <Frame name="$parentLabel4">
        <!--<FrameSkin skinid="dcb143e1-a4ab-4e7c-b934-1efa40101d21" frameid="2d508885-59c2-4f83-ae10-27aaad48391b" />-->
        <Size>
          <AbsDimension x="72" y="24" />
        </Size>
        <Anchors>
          <Anchor point="TOPLEFT">
            <Offset>
              <AbsDimension x="21" y="-210" />
            </Offset>
          </Anchor>
        </Anchors>
        <Layers>
          <Layer>
            <FontString name="$parentLabel" font="Fonts\FRIZQT__.TTF" text="III">
              <Anchors>
                <Anchor point="TOPLEFT" />
                <Anchor point="BOTTOMRIGHT" />
              </Anchors>
              <FontHeight>
                <AbsValue val="12" />
              </FontHeight>
              <Color r="1" g="0.8196079" b="0" />
              <Shadow>
                <Color r="0" g="0" b="0" />
                <Offset>
                  <AbsDimension x="1" y="-1" />
                </Offset>
              </Shadow>
            </FontString>
          </Layer>
        </Layers>
      </Frame>
      <Frame name="$parentLabel3">
        <!--<FrameSkin skinid="dcb143e1-a4ab-4e7c-b934-1efa40101d21" frameid="2d508885-59c2-4f83-ae10-27aaad48391b" />-->
        <Size>
          <AbsDimension x="65" y="24" />
        </Size>
        <Anchors>
          <Anchor point="TOPLEFT">
            <Offset>
              <AbsDimension x="99" y="-180" />
            </Offset>
          </Anchor>
        </Anchors>
        <Layers>
          <Layer>
            <FontString name="$parentLabel" font="Fonts\FRIZQT__.TTF" text="II">
              <Anchors>
                <Anchor point="TOPLEFT" />
                <Anchor point="BOTTOMRIGHT" />
              </Anchors>
              <FontHeight>
                <AbsValue val="12" />
              </FontHeight>
              <Color r="1" g="0.8196079" b="0" />
              <Shadow>
                <Color r="0" g="0" b="0" />
                <Offset>
                  <AbsDimension x="1" y="-1" />
                </Offset>
              </Shadow>
            </FontString>
          </Layer>
        </Layers>
      </Frame>
      <Frame name="$parentLabel2">
        <!--<FrameSkin skinid="dcb143e1-a4ab-4e7c-b934-1efa40101d21" frameid="2d508885-59c2-4f83-ae10-27aaad48391b" />-->
        <Size>
          <AbsDimension x="72" y="24" />
        </Size>
        <Anchors>
          <Anchor point="TOPLEFT">
            <Offset>
              <AbsDimension x="21" y="-180" />
            </Offset>
          </Anchor>
        </Anchors>
        <Layers>
          <Layer>
            <FontString name="$parentLabel" font="Fonts\FRIZQT__.TTF" text="I">
              <Anchors>
                <Anchor point="TOPLEFT" />
                <Anchor point="BOTTOMRIGHT" />
              </Anchors>
              <FontHeight>
                <AbsValue val="12" />
              </FontHeight>
              <Color r="1" g="0.8196079" b="0" />
              <Shadow>
                <Color r="0" g="0" b="0" />
                <Offset>
                  <AbsDimension x="1" y="-1" />
                </Offset>
              </Shadow>
            </FontString>
          </Layer>
        </Layers>
      </Frame>
      <Frame name="$parentLabel1">
        <!--<FrameSkin skinid="dcb143e1-a4ab-4e7c-b934-1efa40101d21" frameid="2d508885-59c2-4f83-ae10-27aaad48391b" />-->
        <Size>
          <AbsDimension x="107" y="32" />
        </Size>
        <Anchors>
          <Anchor point="TOPLEFT">
            <Offset>
              <AbsDimension x="57" y="-66" />
            </Offset>
          </Anchor>
        </Anchors>
        <Layers>
          <Layer>
            <FontString name="$parentLabel" font="Fonts\FRIZQT__.TTF" text="Announce">
              <Anchors>
                <Anchor point="TOPLEFT" />
                <Anchor point="BOTTOMRIGHT" />
              </Anchors>
              <FontHeight>
                <AbsValue val="12" />
              </FontHeight>
              <Color r="1" g="0.8196079" b="0" />
              <Shadow>
                <Color r="0" g="0" b="0" />
                <Offset>
                  <AbsDimension x="1" y="-1" />
                </Offset>
              </Shadow>
            </FontString>
          </Layer>
        </Layers>
      </Frame>
      <CheckButton name="AnnounceSetCheck">
        <!--<FrameSkin skinid="dcb143e1-a4ab-4e7c-b934-1efa40101d21" frameid="2d508886-59c2-4f83-ae10-27aaad48391b"><Property name="Size">&lt;?xml version="1.0"?&gt;
&lt;Size xmlns:xsi="http://www.w3.org/2001/XMLSchema-instance" xmlns:xsd="http://www.w3.org/2001/XMLSchema"&gt;
  &lt;Width&gt;30&lt;/Width&gt;
  &lt;Height&gt;32&lt;/Height&gt;
&lt;/Size&gt;</Property></FrameSkin>-->
        <Size>
          <AbsDimension x="32" y="32" />
        </Size>
        <Anchors>
          <Anchor point="TOPLEFT">
            <Offset>
              <AbsDimension x="21" y="-66" />
            </Offset>
          </Anchor>
        </Anchors>
        <Layers>
          <Layer>
            <FontString name="$parentText" font="Fonts\FRIZQT__.TTF">
              <Anchors>
                <Anchor point="LEFT" relativePoint="RIGHT">
                  <Offset>
                    <AbsDimension x="-2" y="0" />
                  </Offset>
                </Anchor>
              </Anchors>
              <FontHeight>
                <AbsValue val="10" />
              </FontHeight>
              <Color r="1" g="0.8196079" b="0" />
              <Shadow>
                <Color r="0" g="0" b="0" />
                <Offset>
                  <AbsDimension x="1" y="-1" />
                </Offset>
              </Shadow>
            </FontString>
          </Layer>
        </Layers>
        <Scripts>
          <OnClick>if ScreenAnnounceSetCheck:GetChecked() then
ScreenAnnounceSetCheck:SetChecked(false);
end
if GMAnnounceSetCheck:GetChecked() then
GMAnnounceSetCheck:SetChecked(false);
end
</OnClick>
        </Scripts>
        <NormalTexture file="Interface\Buttons\UI-CheckBox-Up" />
        <PushedTexture file="Interface\Buttons\UI-CheckBox-Down" />
        <HighlightTexture file="Interface\Buttons\UI-CheckBox-Highlight" alphaMode="ADD" />
        <CheckedTexture file="Interface\Buttons\UI-CheckBox-Check" />
        <DisabledCheckedTexture file="Interface\Buttons\UI-CheckBox-Check-Disabled" />
      </CheckButton>
      <EditBox name="SetAnnounceText" enableMouse="true">
        <!--<FrameSkin skinid="dcb143e1-a4ab-4e7c-b934-1efa40101d21" frameid="2d508887-59c2-4f83-ae10-27aaad48391b" />-->
        <Size>
          <AbsDimension x="143" y="22" />
        </Size>
        <Anchors>
          <Anchor point="TOPLEFT">
            <Offset>
              <AbsDimension x="21" y="-38" />
            </Offset>
          </Anchor>
        </Anchors>
        <Layers>
          <Layer level="BACKGROUND">
            <Texture name="$parentLeft" file="Interface\Common\Common-Input-Border">
              <Size>
                <AbsDimension x="8" y="20" />
              </Size>
              <Anchors>
                <Anchor point="LEFT" />
              </Anchors>
              <TexCoords left="0" right="0.0625" top="0" bottom="0.625" />
            </Texture>
            <Texture name="$parentRight" file="Interface\Common\Common-Input-Border">
              <Size>
                <AbsDimension x="8" y="20" />
              </Size>
              <Anchors>
                <Anchor point="RIGHT" />
              </Anchors>
              <TexCoords left="0.9375" right="1" top="0" bottom="0.625" />
            </Texture>
            <Texture name="$parentMiddle" file="Interface\Common\Common-Input-Border">
              <Size>
                <AbsDimension x="10" y="20" />
              </Size>
              <Anchors>
                <Anchor point="LEFT" relativeTo="$parentLeft" relativePoint="RIGHT" />
                <Anchor point="RIGHT" relativeTo="$parentRight" relativePoint="LEFT" />
              </Anchors>
              <TexCoords left="0.0625" right="0.9375" top="0" bottom="0.625" />
            </Texture>
          </Layer>
        </Layers>
        <Scripts>
          <OnLoad>this:SetAutoFocus(false);
</OnLoad>
          <OnEscapePressed>SetAnnounceText:ClearFocus();
</OnEscapePressed>
          <OnTabPressed>this:ClearFocus();
</OnTabPressed>
        </Scripts>
        <FontString font="Fonts\ARIALN.TTF">
          <FontHeight>
            <AbsValue val="14" />
          </FontHeight>
          <Color r="1" g="1" b="1" />
          <Shadow>
            <Color r="0" g="0" b="0" />
            <Offset>
              <AbsDimension x="1" y="-1" />
            </Offset>
          </Shadow>
        </FontString>
      </EditBox>
      <Button name="Done" text="Done">
        <!--<FrameSkin skinid="dcb143e1-a4ab-4e7c-b934-1efa40101d21" frameid="2d508884-59c2-4f83-ae10-27aaad48391b" />-->
        <Size>
          <AbsDimension x="90" y="19" />
        </Size>
        <Anchors>
          <Anchor point="TOPLEFT">
            <Offset>
              <AbsDimension x="47" y="-270" />
            </Offset>
          </Anchor>
        </Anchors>
        <Scripts>
          <OnClick>AnnounceForm:Hide(); CommForm:Show(); SetAnnounceText:SetText("");
</OnClick>
        </Scripts>
        <NormalTexture file="Interface\Buttons\UI-Panel-Button-Up">
          <TexCoords left="0" right="0.625" top="0" bottom="0.6875" />
        </NormalTexture>
        <PushedTexture file="Interface\Buttons\UI-Panel-Button-Down">
          <TexCoords left="0" right="0.625" top="0" bottom="0.6875" />
        </PushedTexture>
        <DisabledTexture file="Interface\Buttons\UI-Panel-Button-Disabled">
          <TexCoords left="0" right="0.625" top="0" bottom="0.6875" />
        </DisabledTexture>
        <HighlightTexture file="Interface\Buttons\UI-Panel-Button-Highlight" alphaMode="ADD">
          <TexCoords left="0" right="0.625" top="0" bottom="0.6875" />
        </HighlightTexture>
        <ButtonText name="$parentText">
          <Anchors>
            <Anchor point="CENTER">
              <Offset>
                <AbsDimension x="0" y="1" />
              </Offset>
            </Anchor>
          </Anchors>
          <FontHeight>
            <AbsValue val="10" />
          </FontHeight>
        </ButtonText>
        <NormalFont />
        <HighlightFont />
        <DisabledFont />
      </Button>
      <Button name="announceone" text="I">
        <!--<FrameSkin skinid="dcb143e1-a4ab-4e7c-b934-1efa40101d21" frameid="2d508884-59c2-4f83-ae10-27aaad48391b" />-->
        <Size>
          <AbsDimension x="72" y="24" />
        </Size>
        <Anchors>
          <Anchor point="TOPLEFT">
            <Offset>
              <AbsDimension x="21" y="-180" />
            </Offset>
          </Anchor>
        </Anchors>
        <Scripts>
          <OnClick>if SetAnnounceText:GetNumLetters() &lt; 4 then
UIErrorsFrame:AddMessage("Only 4 or more letters allowed!", 1.0, 0.0, 0.0, 53, 2);
else
FirstAnnounce();
end
SetAnnounceText:ClearFocus();
</OnClick>
        </Scripts>
        <NormalTexture file="Interface\Buttons\UI-Panel-Button-Up">
          <TexCoords left="0" right="0.625" top="0" bottom="0.6875" />
        </NormalTexture>
        <PushedTexture file="Interface\Buttons\UI-Panel-Button-Down">
          <TexCoords left="0" right="0.625" top="0" bottom="0.6875" />
        </PushedTexture>
        <DisabledTexture file="Interface\Buttons\UI-Panel-Button-Disabled">
          <TexCoords left="0" right="0.625" top="0" bottom="0.6875" />
        </DisabledTexture>
        <HighlightTexture file="Interface\Buttons\UI-Panel-Button-Highlight" alphaMode="ADD">
          <TexCoords left="0" right="0.625" top="0" bottom="0.6875" />
        </HighlightTexture>
        <ButtonText name="$parentText">
          <Anchors>
            <Anchor point="CENTER">
              <Offset>
                <AbsDimension x="0" y="1" />
              </Offset>
            </Anchor>
          </Anchors>
          <FontHeight>
            <AbsValue val="10" />
          </FontHeight>
        </ButtonText>
        <NormalFont />
        <HighlightFont />
        <DisabledFont />
      </Button>
      <Button name="$parentComponent1" text="II">
        <!--<FrameSkin skinid="dcb143e1-a4ab-4e7c-b934-1efa40101d21" frameid="2d508884-59c2-4f83-ae10-27aaad48391b" />-->
        <Size>
          <AbsDimension x="65" y="24" />
        </Size>
        <Anchors>
          <Anchor point="TOPLEFT">
            <Offset>
              <AbsDimension x="99" y="-180" />
            </Offset>
          </Anchor>
        </Anchors>
        <Scripts>
          <OnClick>if SetAnnounceText:GetNumLetters() &lt; 4 then
UIErrorsFrame:AddMessage("Only 4 or more letters allowed!", 1.0, 0.0, 0.0, 53, 2);
else
SecondAnnounce();
end
SetAnnounceText:ClearFocus();
</OnClick>
        </Scripts>
        <NormalTexture file="Interface\Buttons\UI-Panel-Button-Up">
          <TexCoords left="0" right="0.625" top="0" bottom="0.6875" />
        </NormalTexture>
        <PushedTexture file="Interface\Buttons\UI-Panel-Button-Down">
          <TexCoords left="0" right="0.625" top="0" bottom="0.6875" />
        </PushedTexture>
        <DisabledTexture file="Interface\Buttons\UI-Panel-Button-Disabled">
          <TexCoords left="0" right="0.625" top="0" bottom="0.6875" />
        </DisabledTexture>
        <HighlightTexture file="Interface\Buttons\UI-Panel-Button-Highlight" alphaMode="ADD">
          <TexCoords left="0" right="0.625" top="0" bottom="0.6875" />
        </HighlightTexture>
        <ButtonText name="$parentText">
          <Anchors>
            <Anchor point="CENTER">
              <Offset>
                <AbsDimension x="0" y="1" />
              </Offset>
            </Anchor>
          </Anchors>
          <FontHeight>
            <AbsValue val="10" />
          </FontHeight>
        </ButtonText>
        <NormalFont />
        <HighlightFont />
        <DisabledFont />
      </Button>
      <Button name="$parentComponent2" text="III">
        <!--<FrameSkin skinid="dcb143e1-a4ab-4e7c-b934-1efa40101d21" frameid="2d508884-59c2-4f83-ae10-27aaad48391b" />-->
        <Size>
          <AbsDimension x="72" y="24" />
        </Size>
        <Anchors>
          <Anchor point="TOPLEFT">
            <Offset>
              <AbsDimension x="21" y="-210" />
            </Offset>
          </Anchor>
        </Anchors>
        <Scripts>
          <OnClick>if SetAnnounceText:GetNumLetters() &lt; 4 then
UIErrorsFrame:AddMessage("Only 4 or more letters allowed!", 1.0, 0.0, 0.0, 53, 2);
else
ThirdAnnounce();
end
SetAnnounceText:ClearFocus();
</OnClick>
        </Scripts>
        <NormalTexture file="Interface\Buttons\UI-Panel-Button-Up">
          <TexCoords left="0" right="0.625" top="0" bottom="0.6875" />
        </NormalTexture>
        <PushedTexture file="Interface\Buttons\UI-Panel-Button-Down">
          <TexCoords left="0" right="0.625" top="0" bottom="0.6875" />
        </PushedTexture>
        <DisabledTexture file="Interface\Buttons\UI-Panel-Button-Disabled">
          <TexCoords left="0" right="0.625" top="0" bottom="0.6875" />
        </DisabledTexture>
        <HighlightTexture file="Interface\Buttons\UI-Panel-Button-Highlight" alphaMode="ADD">
          <TexCoords left="0" right="0.625" top="0" bottom="0.6875" />
        </HighlightTexture>
        <ButtonText name="$parentText">
          <Anchors>
            <Anchor point="CENTER">
              <Offset>
                <AbsDimension x="0" y="1" />
              </Offset>
            </Anchor>
          </Anchors>
          <FontHeight>
            <AbsValue val="10" />
          </FontHeight>
        </ButtonText>
        <NormalFont />
        <HighlightFont />
        <DisabledFont />
      </Button>
      <Button name="$parentComponent3" text="IV">
        <!--<FrameSkin skinid="dcb143e1-a4ab-4e7c-b934-1efa40101d21" frameid="2d508884-59c2-4f83-ae10-27aaad48391b" />-->
        <Size>
          <AbsDimension x="65" y="24" />
        </Size>
        <Anchors>
          <Anchor point="TOPLEFT">
            <Offset>
              <AbsDimension x="99" y="-210" />
            </Offset>
          </Anchor>
        </Anchors>
        <Scripts>
          <OnClick>if SetAnnounceText:GetNumLetters() &lt; 4 then
UIErrorsFrame:AddMessage("Only 4 or more letters allowed!", 0.0, 1.0, 0.0, 53, 2);
else
FourthAnnounce();
end
SetAnnounceText:ClearFocus();
</OnClick>
        </Scripts>
        <NormalTexture file="Interface\Buttons\UI-Panel-Button-Up">
          <TexCoords left="0" right="0.625" top="0" bottom="0.6875" />
        </NormalTexture>
        <PushedTexture file="Interface\Buttons\UI-Panel-Button-Down">
          <TexCoords left="0" right="0.625" top="0" bottom="0.6875" />
        </PushedTexture>
        <DisabledTexture file="Interface\Buttons\UI-Panel-Button-Disabled">
          <TexCoords left="0" right="0.625" top="0" bottom="0.6875" />
        </DisabledTexture>
        <HighlightTexture file="Interface\Buttons\UI-Panel-Button-Highlight" alphaMode="ADD">
          <TexCoords left="0" right="0.625" top="0" bottom="0.6875" />
        </HighlightTexture>
        <ButtonText name="$parentText">
          <Anchors>
            <Anchor point="CENTER">
              <Offset>
                <AbsDimension x="0" y="1" />
              </Offset>
            </Anchor>
          </Anchors>
          <FontHeight>
            <AbsValue val="10" />
          </FontHeight>
        </ButtonText>
        <NormalFont />
        <HighlightFont />
        <DisabledFont />
      </Button>
      <Button name="$parentComponent4" text="V">
        <!--<FrameSkin skinid="dcb143e1-a4ab-4e7c-b934-1efa40101d21" frameid="2d508884-59c2-4f83-ae10-27aaad48391b" />-->
        <Size>
          <AbsDimension x="143" y="24" />
        </Size>
        <Anchors>
          <Anchor point="TOPLEFT">
            <Offset>
              <AbsDimension x="21" y="-240" />
            </Offset>
          </Anchor>
        </Anchors>
        <Scripts>
          <OnClick>if SetAnnounceText:GetNumLetters() &lt; 4 then
UIErrorsFrame:AddMessage("Only 4 or more letters allowed!", 0.0, 1.0, 0.0, 53, 2);
else
FifthAnnounce();
end
SetAnnounceText:ClearFocus();
</OnClick>
        </Scripts>
        <NormalTexture file="Interface\Buttons\UI-Panel-Button-Up">
          <TexCoords left="0" right="0.625" top="0" bottom="0.6875" />
        </NormalTexture>
        <PushedTexture file="Interface\Buttons\UI-Panel-Button-Down">
          <TexCoords left="0" right="0.625" top="0" bottom="0.6875" />
        </PushedTexture>
        <DisabledTexture file="Interface\Buttons\UI-Panel-Button-Disabled">
          <TexCoords left="0" right="0.625" top="0" bottom="0.6875" />
        </DisabledTexture>
        <HighlightTexture file="Interface\Buttons\UI-Panel-Button-Highlight" alphaMode="ADD">
          <TexCoords left="0" right="0.625" top="0" bottom="0.6875" />
        </HighlightTexture>
        <ButtonText name="$parentText">
          <Anchors>
            <Anchor point="CENTER">
              <Offset>
                <AbsDimension x="0" y="1" />
              </Offset>
            </Anchor>
          </Anchors>
          <FontHeight>
            <AbsValue val="10" />
          </FontHeight>
        </ButtonText>
        <NormalFont />
        <HighlightFont />
        <DisabledFont />
      </Button>
      <CheckButton name="ScreenAnnounceSetCheck">
        <!--<FrameSkin skinid="dcb143e1-a4ab-4e7c-b934-1efa40101d21" frameid="2d508886-59c2-4f83-ae10-27aaad48391b"><Property name="Size">&lt;?xml version="1.0"?&gt;
&lt;Size xmlns:xsi="http://www.w3.org/2001/XMLSchema-instance" xmlns:xsd="http://www.w3.org/2001/XMLSchema"&gt;
  &lt;Width&gt;30&lt;/Width&gt;
  &lt;Height&gt;32&lt;/Height&gt;
&lt;/Size&gt;</Property></FrameSkin>-->
        <Size>
          <AbsDimension x="32" y="32" />
        </Size>
        <Anchors>
          <Anchor point="TOPLEFT">
            <Offset>
              <AbsDimension x="21" y="-104" />
            </Offset>
          </Anchor>
        </Anchors>
        <Layers>
          <Layer>
            <FontString name="$parentText" font="Fonts\FRIZQT__.TTF">
              <Anchors>
                <Anchor point="LEFT" relativePoint="RIGHT">
                  <Offset>
                    <AbsDimension x="-2" y="0" />
                  </Offset>
                </Anchor>
              </Anchors>
              <FontHeight>
                <AbsValue val="10" />
              </FontHeight>
              <Color r="1" g="0.8196079" b="0" />
              <Shadow>
                <Color r="0" g="0" b="0" />
                <Offset>
                  <AbsDimension x="1" y="-1" />
                </Offset>
              </Shadow>
            </FontString>
          </Layer>
        </Layers>
        <Scripts>
          <OnClick>if AnnounceSetCheck:GetChecked() then
AnnounceSetCheck:SetChecked(false);
end
if GMAnnounceSetCheck:GetChecked() then
GMAnnounceSetCheck:SetChecked(false);
end
</OnClick>
        </Scripts>
        <NormalTexture file="Interface\Buttons\UI-CheckBox-Up" />
        <PushedTexture file="Interface\Buttons\UI-CheckBox-Down" />
        <HighlightTexture file="Interface\Buttons\UI-CheckBox-Highlight" alphaMode="ADD" />
        <CheckedTexture file="Interface\Buttons\UI-CheckBox-Check" />
        <DisabledCheckedTexture file="Interface\Buttons\UI-CheckBox-Check-Disabled" />
      </CheckButton>
      <Frame name="$parentComponent6">
        <!--<FrameSkin skinid="dcb143e1-a4ab-4e7c-b934-1efa40101d21" frameid="2d508885-59c2-4f83-ae10-27aaad48391b" />-->
        <Size>
          <AbsDimension x="107" y="32" />
        </Size>
        <Anchors>
          <Anchor point="TOPLEFT">
            <Offset>
              <AbsDimension x="57" y="-104" />
            </Offset>
          </Anchor>
        </Anchors>
        <Layers>
          <Layer>
            <FontString name="$parentLabel" font="Fonts\FRIZQT__.TTF" text="Screen Announce">
              <Anchors>
                <Anchor point="TOPLEFT" />
                <Anchor point="BOTTOMRIGHT" />
              </Anchors>
              <FontHeight>
                <AbsValue val="12" />
              </FontHeight>
              <Color r="1" g="0.8196079" b="0" />
              <Shadow>
                <Color r="0" g="0" b="0" />
                <Offset>
                  <AbsDimension x="1" y="-1" />
                </Offset>
              </Shadow>
            </FontString>
          </Layer>
        </Layers>
      </Frame>
      <CheckButton name="GMAnnounceSetCheck">
        <!--<FrameSkin skinid="dcb143e1-a4ab-4e7c-b934-1efa40101d21" frameid="2d508886-59c2-4f83-ae10-27aaad48391b"><Property name="Size">&lt;?xml version="1.0"?&gt;
&lt;Size xmlns:xsi="http://www.w3.org/2001/XMLSchema-instance" xmlns:xsd="http://www.w3.org/2001/XMLSchema"&gt;
  &lt;Width&gt;30&lt;/Width&gt;
  &lt;Height&gt;32&lt;/Height&gt;
&lt;/Size&gt;</Property></FrameSkin>-->
        <Size>
          <AbsDimension x="32" y="32" />
        </Size>
        <Anchors>
          <Anchor point="TOPLEFT">
            <Offset>
              <AbsDimension x="21" y="-142" />
            </Offset>
          </Anchor>
        </Anchors>
        <Layers>
          <Layer>
            <FontString name="$parentText" font="Fonts\FRIZQT__.TTF">
              <Anchors>
                <Anchor point="LEFT" relativePoint="RIGHT">
                  <Offset>
                    <AbsDimension x="-2" y="0" />
                  </Offset>
                </Anchor>
              </Anchors>
              <FontHeight>
                <AbsValue val="10" />
              </FontHeight>
              <Color r="1" g="0.8196079" b="0" />
              <Shadow>
                <Color r="0" g="0" b="0" />
                <Offset>
                  <AbsDimension x="1" y="-1" />
                </Offset>
              </Shadow>
            </FontString>
          </Layer>
        </Layers>
        <Scripts>
          <OnClick>if ScreenAnnounceSetCheck:GetChecked() then
ScreenAnnounceSetCheck:SetChecked(false);
end
if AnnounceSetCheck:GetChecked() then
AnnounceSetCheck:SetChecked(false);
end
</OnClick>
        </Scripts>
        <NormalTexture file="Interface\Buttons\UI-CheckBox-Up" />
        <PushedTexture file="Interface\Buttons\UI-CheckBox-Down" />
        <HighlightTexture file="Interface\Buttons\UI-CheckBox-Highlight" alphaMode="ADD" />
        <CheckedTexture file="Interface\Buttons\UI-CheckBox-Check" />
        <DisabledCheckedTexture file="Interface\Buttons\UI-CheckBox-Check-Disabled" />
      </CheckButton>
      <Frame name="$parentComponent8">
        <!--<FrameSkin skinid="dcb143e1-a4ab-4e7c-b934-1efa40101d21" frameid="2d508885-59c2-4f83-ae10-27aaad48391b" />-->
        <Size>
          <AbsDimension x="107" y="32" />
        </Size>
        <Anchors>
          <Anchor point="TOPLEFT">
            <Offset>
              <AbsDimension x="57" y="-142" />
            </Offset>
          </Anchor>
        </Anchors>
        <Layers>
          <Layer>
            <FontString name="$parentLabel" font="Fonts\FRIZQT__.TTF" text="GM Announce">
              <Anchors>
                <Anchor point="TOPLEFT" />
                <Anchor point="BOTTOMRIGHT" />
              </Anchors>
              <FontHeight>
                <AbsValue val="12" />
              </FontHeight>
              <Color r="1" g="0.8196079" b="0" />
              <Shadow>
                <Color r="0" g="0" b="0" />
                <Offset>
                  <AbsDimension x="1" y="-1" />
                </Offset>
              </Shadow>
            </FontString>
          </Layer>
        </Layers>
      </Frame>
    </Frames>
    <Scripts>
      <OnLoad>GMHelperOnLoad()
</OnLoad>
      <OnDragStart>this:StartMoving()
</OnDragStart>
      <OnDragStop>this:StopMovingOrSizing()
</OnDragStop>
    </Scripts>
  </Frame>
</Ui>