<Ui xmlns="http://www.blizzard.com/wow/ui" xmlns:xsi="http://www.w3.org/2001/XMLSchema-instance">
  <!--Autogenerated by wowuides, Version=1.0.300.0, Culture=neutral, PublicKeyToken=null-->
  <Frame name="MiniForm" hidden="true" movable="true" resizable="true" enableMouse="true">
    <!--<FrameSkin skinid="dcb143e1-a4ab-4e7c-b934-1efa40101d21" frameid="2d508883-59c2-4f83-ae10-27aaad48391b" />-->
    <Size>
      <AbsDimension x="562" y="109" />
    </Size>
    <Anchors>
      <Anchor point="TOP" relativeTo="UIParent">
        <Offset>
          <AbsDimension x="0" y="0" />
        </Offset>
      </Anchor>
    </Anchors>
    <Backdrop bgFile="Interface\DialogFrame\UI-DialogBox-Background" edgeFile="Interface\DialogFrame\UI-DialogBox-Border" tile="true">
      <BackgroundInsets>
        <AbsInset left="11" right="12" top="12" bottom="11" />
      </BackgroundInsets>
      <TileSize>
        <AbsValue val="32" />
      </TileSize>
      <EdgeSize>
        <AbsValue val="32" />
      </EdgeSize>
    </Backdrop>
    <Layers>
      <Layer>
        <Texture name="$parentTitleBorder" file="Interface\DialogFrame\UI-DialogBox-Header">
          <Size>
            <AbsDimension x="160" y="32" />
          </Size>
          <Anchors>
            <Anchor point="TOP">
              <Offset>
                <AbsDimension x="0" y="5" />
              </Offset>
            </Anchor>
          </Anchors>
          <TexCoords left="0.2" right="0.8" top="0" bottom="0.6" />
        </Texture>
        <FontString name="$parentTitleString" font="Fonts\FRIZQT__.TTF" text="GM Helper">
          <Size>
            <AbsDimension x="140" y="0" />
          </Size>
          <Anchors>
            <Anchor point="TOP">
              <Offset>
                <AbsDimension x="0" y="-4" />
              </Offset>
            </Anchor>
          </Anchors>
          <FontHeight>
            <AbsValue val="12" />
          </FontHeight>
          <Color r="1" g="0.8196079" b="0" />
          <Shadow>
            <Color r="0" g="0" b="0" />
            <Offset>
              <AbsDimension x="1" y="-1" />
            </Offset>
          </Shadow>
        </FontString>
      </Layer>
    </Layers>
    <Frames>
      <Frame name="$parentLabel16">
        <!--<FrameSkin skinid="dcb143e1-a4ab-4e7c-b934-1efa40101d21" frameid="2d508885-59c2-4f83-ae10-27aaad48391b" />-->
        <Size>
          <AbsDimension x="60" y="26" />
        </Size>
        <Anchors>
          <Anchor point="TOPLEFT">
            <Offset>
              <AbsDimension x="478" y="-60" />
            </Offset>
          </Anchor>
        </Anchors>
        <Layers>
          <Layer>
            <FontString name="$parentLabel" font="Fonts\FRIZQT__.TTF" text="Views">
              <Anchors>
                <Anchor point="TOPLEFT" />
                <Anchor point="BOTTOMRIGHT" />
              </Anchors>
              <FontHeight>
                <AbsValue val="12" />
              </FontHeight>
              <Color r="1" g="0.8196079" b="0" />
              <Shadow>
                <Color r="0" g="0" b="0" />
                <Offset>
                  <AbsDimension x="1" y="-1" />
                </Offset>
              </Shadow>
            </FontString>
          </Layer>
        </Layers>
      </Frame>
      <Frame name="$parentLabel15">
        <!--<FrameSkin skinid="dcb143e1-a4ab-4e7c-b934-1efa40101d21" frameid="2d508885-59c2-4f83-ae10-27aaad48391b" />-->
        <Size>
          <AbsDimension x="60" y="26" />
        </Size>
        <Anchors>
          <Anchor point="TOPLEFT">
            <Offset>
              <AbsDimension x="412" y="-60" />
            </Offset>
          </Anchor>
        </Anchors>
        <Layers>
          <Layer>
            <FontString name="$parentLabel" font="Fonts\FRIZQT__.TTF" text="Mod">
              <Anchors>
                <Anchor point="TOPLEFT" />
                <Anchor point="BOTTOMRIGHT" />
              </Anchors>
              <FontHeight>
                <AbsValue val="12" />
              </FontHeight>
              <Color r="1" g="0.8196079" b="0" />
              <Shadow>
                <Color r="0" g="0" b="0" />
                <Offset>
                  <AbsDimension x="1" y="-1" />
                </Offset>
              </Shadow>
            </FontString>
          </Layer>
        </Layers>
      </Frame>
      <Frame name="$parentLabel14">
        <!--<FrameSkin skinid="dcb143e1-a4ab-4e7c-b934-1efa40101d21" frameid="2d508885-59c2-4f83-ae10-27aaad48391b" />-->
        <Size>
          <AbsDimension x="60" y="26" />
        </Size>
        <Anchors>
          <Anchor point="TOPLEFT">
            <Offset>
              <AbsDimension x="346" y="-60" />
            </Offset>
          </Anchor>
        </Anchors>
        <Layers>
          <Layer>
            <FontString name="$parentLabel" font="Fonts\FRIZQT__.TTF" text="BGs">
              <Anchors>
                <Anchor point="TOPLEFT" />
                <Anchor point="BOTTOMRIGHT" />
              </Anchors>
              <FontHeight>
                <AbsValue val="12" />
              </FontHeight>
              <Color r="1" g="0.8196079" b="0" />
              <Shadow>
                <Color r="0" g="0" b="0" />
                <Offset>
                  <AbsDimension x="1" y="-1" />
                </Offset>
              </Shadow>
            </FontString>
          </Layer>
        </Layers>
      </Frame>
      <Frame name="$parentLabel13">
        <!--<FrameSkin skinid="dcb143e1-a4ab-4e7c-b934-1efa40101d21" frameid="2d508885-59c2-4f83-ae10-27aaad48391b" />-->
        <Size>
          <AbsDimension x="60" y="26" />
        </Size>
        <Anchors>
          <Anchor point="TOPLEFT">
            <Offset>
              <AbsDimension x="280" y="-60" />
            </Offset>
          </Anchor>
        </Anchors>
        <Layers>
          <Layer>
            <FontString name="$parentLabel" font="Fonts\FRIZQT__.TTF" text="Misc">
              <Anchors>
                <Anchor point="TOPLEFT" />
                <Anchor point="BOTTOMRIGHT" />
              </Anchors>
              <FontHeight>
                <AbsValue val="12" />
              </FontHeight>
              <Color r="1" g="0.8196079" b="0" />
              <Shadow>
                <Color r="0" g="0" b="0" />
                <Offset>
                  <AbsDimension x="1" y="-1" />
                </Offset>
              </Shadow>
            </FontString>
          </Layer>
        </Layers>
      </Frame>
      <Frame name="$parentLabel12">
        <!--<FrameSkin skinid="dcb143e1-a4ab-4e7c-b934-1efa40101d21" frameid="2d508885-59c2-4f83-ae10-27aaad48391b" />-->
        <Size>
          <AbsDimension x="60" y="26" />
        </Size>
        <Anchors>
          <Anchor point="TOPLEFT">
            <Offset>
              <AbsDimension x="214" y="-60" />
            </Offset>
          </Anchor>
        </Anchors>
        <Layers>
          <Layer>
            <FontString name="$parentLabel" font="Fonts\FRIZQT__.TTF" text="Ban">
              <Anchors>
                <Anchor point="TOPLEFT" />
                <Anchor point="BOTTOMRIGHT" />
              </Anchors>
              <FontHeight>
                <AbsValue val="12" />
              </FontHeight>
              <Color r="1" g="0.8196079" b="0" />
              <Shadow>
                <Color r="0" g="0" b="0" />
                <Offset>
                  <AbsDimension x="1" y="-1" />
                </Offset>
              </Shadow>
            </FontString>
          </Layer>
        </Layers>
      </Frame>
      <Frame name="$parentLabel11">
        <!--<FrameSkin skinid="dcb143e1-a4ab-4e7c-b934-1efa40101d21" frameid="2d508885-59c2-4f83-ae10-27aaad48391b" />-->
        <Size>
          <AbsDimension x="60" y="26" />
        </Size>
        <Anchors>
          <Anchor point="TOPLEFT">
            <Offset>
              <AbsDimension x="148" y="-60" />
            </Offset>
          </Anchor>
        </Anchors>
        <Layers>
          <Layer>
            <FontString name="$parentLabel" font="Fonts\FRIZQT__.TTF" text="Comm">
              <Anchors>
                <Anchor point="TOPLEFT" />
                <Anchor point="BOTTOMRIGHT" />
              </Anchors>
              <FontHeight>
                <AbsValue val="12" />
              </FontHeight>
              <Color r="1" g="0.8196079" b="0" />
              <Shadow>
                <Color r="0" g="0" b="0" />
                <Offset>
                  <AbsDimension x="1" y="-1" />
                </Offset>
              </Shadow>
            </FontString>
          </Layer>
        </Layers>
      </Frame>
      <Frame name="$parentLabel10">
        <!--<FrameSkin skinid="dcb143e1-a4ab-4e7c-b934-1efa40101d21" frameid="2d508885-59c2-4f83-ae10-27aaad48391b" />-->
        <Size>
          <AbsDimension x="60" y="26" />
        </Size>
        <Anchors>
          <Anchor point="TOPLEFT">
            <Offset>
              <AbsDimension x="82" y="-60" />
            </Offset>
          </Anchor>
        </Anchors>
        <Layers>
          <Layer>
            <FontString name="$parentLabel" font="Fonts\FRIZQT__.TTF" text="Players">
              <Anchors>
                <Anchor point="TOPLEFT" />
                <Anchor point="BOTTOMRIGHT" />
              </Anchors>
              <FontHeight>
                <AbsValue val="12" />
              </FontHeight>
              <Color r="1" g="0.8196079" b="0" />
              <Shadow>
                <Color r="0" g="0" b="0" />
                <Offset>
                  <AbsDimension x="1" y="-1" />
                </Offset>
              </Shadow>
            </FontString>
          </Layer>
        </Layers>
      </Frame>
      <Frame name="$parentLabel9">
        <!--<FrameSkin skinid="dcb143e1-a4ab-4e7c-b934-1efa40101d21" frameid="2d508885-59c2-4f83-ae10-27aaad48391b" />-->
        <Size>
          <AbsDimension x="60" y="26" />
        </Size>
        <Anchors>
          <Anchor point="TOPLEFT">
            <Offset>
              <AbsDimension x="16" y="-60" />
            </Offset>
          </Anchor>
        </Anchors>
        <Layers>
          <Layer>
            <FontString name="$parentLabel" font="Fonts\FRIZQT__.TTF" text="NPCs">
              <Anchors>
                <Anchor point="TOPLEFT" />
                <Anchor point="BOTTOMRIGHT" />
              </Anchors>
              <FontHeight>
                <AbsValue val="12" />
              </FontHeight>
              <Color r="1" g="0.8196079" b="0" />
              <Shadow>
                <Color r="0" g="0" b="0" />
                <Offset>
                  <AbsDimension x="1" y="-1" />
                </Offset>
              </Shadow>
            </FontString>
          </Layer>
        </Layers>
      </Frame>
      <Frame name="$parentLabel8">
        <!--<FrameSkin skinid="dcb143e1-a4ab-4e7c-b934-1efa40101d21" frameid="2d508885-59c2-4f83-ae10-27aaad48391b" />-->
        <Size>
          <AbsDimension x="60" y="26" />
        </Size>
        <Anchors>
          <Anchor point="TOPLEFT">
            <Offset>
              <AbsDimension x="478" y="-28" />
            </Offset>
          </Anchor>
        </Anchors>
        <Layers>
          <Layer>
            <FontString name="$parentLabel" font="Fonts\FRIZQT__.TTF" text="WPs">
              <Anchors>
                <Anchor point="TOPLEFT" />
                <Anchor point="BOTTOMRIGHT" />
              </Anchors>
              <FontHeight>
                <AbsValue val="12" />
              </FontHeight>
              <Color r="1" g="0.8196079" b="0" />
              <Shadow>
                <Color r="0" g="0" b="0" />
                <Offset>
                  <AbsDimension x="1" y="-1" />
                </Offset>
              </Shadow>
            </FontString>
          </Layer>
        </Layers>
      </Frame>
      <Frame name="$parentLabel7">
        <!--<FrameSkin skinid="dcb143e1-a4ab-4e7c-b934-1efa40101d21" frameid="2d508885-59c2-4f83-ae10-27aaad48391b" />-->
        <Size>
          <AbsDimension x="60" y="26" />
        </Size>
        <Anchors>
          <Anchor point="TOPLEFT">
            <Offset>
              <AbsDimension x="412" y="-28" />
            </Offset>
          </Anchor>
        </Anchors>
        <Layers>
          <Layer>
            <FontString name="$parentLabel" font="Fonts\FRIZQT__.TTF" text="OvrRds">
              <Anchors>
                <Anchor point="TOPLEFT" />
                <Anchor point="BOTTOMRIGHT" />
              </Anchors>
              <FontHeight>
                <AbsValue val="12" />
              </FontHeight>
              <Color r="1" g="0.8196079" b="0" />
              <Shadow>
                <Color r="0" g="0" b="0" />
                <Offset>
                  <AbsDimension x="1" y="-1" />
                </Offset>
              </Shadow>
            </FontString>
          </Layer>
        </Layers>
      </Frame>
      <Frame name="$parentLabel6">
        <!--<FrameSkin skinid="dcb143e1-a4ab-4e7c-b934-1efa40101d21" frameid="2d508885-59c2-4f83-ae10-27aaad48391b" />-->
        <Size>
          <AbsDimension x="60" y="26" />
        </Size>
        <Anchors>
          <Anchor point="TOPLEFT">
            <Offset>
              <AbsDimension x="346" y="-28" />
            </Offset>
          </Anchor>
        </Anchors>
        <Layers>
          <Layer>
            <FontString name="$parentLabel" font="Fonts\FRIZQT__.TTF" text="Objects">
              <Anchors>
                <Anchor point="TOPLEFT" />
                <Anchor point="BOTTOMRIGHT" />
              </Anchors>
              <FontHeight>
                <AbsValue val="12" />
              </FontHeight>
              <Color r="1" g="0.8196079" b="0" />
              <Shadow>
                <Color r="0" g="0" b="0" />
                <Offset>
                  <AbsDimension x="1" y="-1" />
                </Offset>
              </Shadow>
            </FontString>
          </Layer>
        </Layers>
      </Frame>
      <Frame name="$parentLabel5">
        <!--<FrameSkin skinid="dcb143e1-a4ab-4e7c-b934-1efa40101d21" frameid="2d508885-59c2-4f83-ae10-27aaad48391b" />-->
        <Size>
          <AbsDimension x="60" y="26" />
        </Size>
        <Anchors>
          <Anchor point="TOPLEFT">
            <Offset>
              <AbsDimension x="280" y="-28" />
            </Offset>
          </Anchor>
        </Anchors>
        <Layers>
          <Layer>
            <FontString name="$parentLabel" font="Fonts\FRIZQT__.TTF" text="Spells">
              <Anchors>
                <Anchor point="TOPLEFT" />
                <Anchor point="BOTTOMRIGHT" />
              </Anchors>
              <FontHeight>
                <AbsValue val="12" />
              </FontHeight>
              <Color r="1" g="0.8196079" b="0" />
              <Shadow>
                <Color r="0" g="0" b="0" />
                <Offset>
                  <AbsDimension x="1" y="-1" />
                </Offset>
              </Shadow>
            </FontString>
          </Layer>
        </Layers>
      </Frame>
      <Frame name="$parentLabel4">
        <!--<FrameSkin skinid="dcb143e1-a4ab-4e7c-b934-1efa40101d21" frameid="2d508885-59c2-4f83-ae10-27aaad48391b" />-->
        <Size>
          <AbsDimension x="60" y="26" />
        </Size>
        <Anchors>
          <Anchor point="TOPLEFT">
            <Offset>
              <AbsDimension x="214" y="-28" />
            </Offset>
          </Anchor>
        </Anchors>
        <Layers>
          <Layer>
            <FontString name="$parentLabel" font="Fonts\FRIZQT__.TTF" text="Skills">
              <Anchors>
                <Anchor point="TOPLEFT" />
                <Anchor point="BOTTOMRIGHT" />
              </Anchors>
              <FontHeight>
                <AbsValue val="12" />
              </FontHeight>
              <Color r="1" g="0.8196079" b="0" />
              <Shadow>
                <Color r="0" g="0" b="0" />
                <Offset>
                  <AbsDimension x="1" y="-1" />
                </Offset>
              </Shadow>
            </FontString>
          </Layer>
        </Layers>
      </Frame>
      <Frame name="$parentLabel3">
        <!--<FrameSkin skinid="dcb143e1-a4ab-4e7c-b934-1efa40101d21" frameid="2d508885-59c2-4f83-ae10-27aaad48391b" />-->
        <Size>
          <AbsDimension x="60" y="26" />
        </Size>
        <Anchors>
          <Anchor point="TOPLEFT">
            <Offset>
              <AbsDimension x="148" y="-28" />
            </Offset>
          </Anchor>
        </Anchors>
        <Layers>
          <Layer>
            <FontString name="$parentLabel" font="Fonts\FRIZQT__.TTF" text="Items">
              <Anchors>
                <Anchor point="TOPLEFT" />
                <Anchor point="BOTTOMRIGHT" />
              </Anchors>
              <FontHeight>
                <AbsValue val="12" />
              </FontHeight>
              <Color r="1" g="0.8196079" b="0" />
              <Shadow>
                <Color r="0" g="0" b="0" />
                <Offset>
                  <AbsDimension x="1" y="-1" />
                </Offset>
              </Shadow>
            </FontString>
          </Layer>
        </Layers>
      </Frame>
      <Frame name="$parentLabel2">
        <!--<FrameSkin skinid="dcb143e1-a4ab-4e7c-b934-1efa40101d21" frameid="2d508885-59c2-4f83-ae10-27aaad48391b" />-->
        <Size>
          <AbsDimension x="60" y="26" />
        </Size>
        <Anchors>
          <Anchor point="TOPLEFT">
            <Offset>
              <AbsDimension x="82" y="-28" />
            </Offset>
          </Anchor>
        </Anchors>
        <Layers>
          <Layer>
            <FontString name="$parentLabel" font="Fonts\FRIZQT__.TTF" text="Tickets">
              <Anchors>
                <Anchor point="TOPLEFT" />
                <Anchor point="BOTTOMRIGHT" />
              </Anchors>
              <FontHeight>
                <AbsValue val="12" />
              </FontHeight>
              <Color r="1" g="0.8196079" b="0" />
              <Shadow>
                <Color r="0" g="0" b="0" />
                <Offset>
                  <AbsDimension x="1" y="-1" />
                </Offset>
              </Shadow>
            </FontString>
          </Layer>
        </Layers>
      </Frame>
      <Frame name="$parentLabel1">
        <!--<FrameSkin skinid="dcb143e1-a4ab-4e7c-b934-1efa40101d21" frameid="2d508885-59c2-4f83-ae10-27aaad48391b" />-->
        <Size>
          <AbsDimension x="60" y="26" />
        </Size>
        <Anchors>
          <Anchor point="TOPLEFT">
            <Offset>
              <AbsDimension x="16" y="-28" />
            </Offset>
          </Anchor>
        </Anchors>
        <Layers>
          <Layer>
            <FontString name="$parentLabel" font="Fonts\FRIZQT__.TTF" text="Ports">
              <Anchors>
                <Anchor point="TOPLEFT" />
                <Anchor point="BOTTOMRIGHT" />
              </Anchors>
              <FontHeight>
                <AbsValue val="12" />
              </FontHeight>
              <Color r="1" g="0.8196079" b="0" />
              <Shadow>
                <Color r="0" g="0" b="0" />
                <Offset>
                  <AbsDimension x="1" y="-1" />
                </Offset>
              </Shadow>
            </FontString>
          </Layer>
        </Layers>
      </Frame>
      <Button name="$parentComponent1" text="Views">
        <!--<FrameSkin skinid="dcb143e1-a4ab-4e7c-b934-1efa40101d21" frameid="2d508884-59c2-4f83-ae10-27aaad48391b" />-->
        <Size>
          <AbsDimension x="60" y="26" />
        </Size>
        <Anchors>
          <Anchor point="TOPLEFT">
            <Offset>
              <AbsDimension x="478" y="-60" />
            </Offset>
          </Anchor>
        </Anchors>
        <Scripts>
          <OnClick>MiniForm:Hide(); ViewForm:Show();
</OnClick>
        </Scripts>
        <NormalTexture file="Interface\Buttons\UI-Panel-Button-Up">
          <TexCoords left="0" right="0.625" top="0" bottom="0.6875" />
        </NormalTexture>
        <PushedTexture file="Interface\Buttons\UI-Panel-Button-Down">
          <TexCoords left="0" right="0.625" top="0" bottom="0.6875" />
        </PushedTexture>
        <DisabledTexture file="Interface\Buttons\UI-Panel-Button-Disabled">
          <TexCoords left="0" right="0.625" top="0" bottom="0.6875" />
        </DisabledTexture>
        <HighlightTexture file="Interface\Buttons\UI-Panel-Button-Highlight" alphaMode="ADD">
          <TexCoords left="0" right="0.625" top="0" bottom="0.6875" />
        </HighlightTexture>
        <ButtonText name="$parentText">
          <Anchors>
            <Anchor point="CENTER">
              <Offset>
                <AbsDimension x="0" y="1" />
              </Offset>
            </Anchor>
          </Anchors>
          <FontHeight>
            <AbsValue val="10" />
          </FontHeight>
        </ButtonText>
        <NormalFont />
        <HighlightFont />
        <DisabledFont />
      </Button>
      <Button name="$parentComponent2" text="Ports">
        <!--<FrameSkin skinid="dcb143e1-a4ab-4e7c-b934-1efa40101d21" frameid="2d508884-59c2-4f83-ae10-27aaad48391b" />-->
        <Size>
          <AbsDimension x="60" y="26" />
        </Size>
        <Anchors>
          <Anchor point="TOPLEFT">
            <Offset>
              <AbsDimension x="16" y="-28" />
            </Offset>
          </Anchor>
        </Anchors>
        <Scripts>
          <OnClick>TeleForm:Show(); MiniForm:Hide();
</OnClick>
        </Scripts>
        <NormalTexture file="Interface\Buttons\UI-Panel-Button-Up">
          <TexCoords left="0" right="0.625" top="0" bottom="0.6875" />
        </NormalTexture>
        <PushedTexture file="Interface\Buttons\UI-Panel-Button-Down">
          <TexCoords left="0" right="0.625" top="0" bottom="0.6875" />
        </PushedTexture>
        <DisabledTexture file="Interface\Buttons\UI-Panel-Button-Disabled">
          <TexCoords left="0" right="0.625" top="0" bottom="0.6875" />
        </DisabledTexture>
        <HighlightTexture file="Interface\Buttons\UI-Panel-Button-Highlight" alphaMode="ADD">
          <TexCoords left="0" right="0.625" top="0" bottom="0.6875" />
        </HighlightTexture>
        <ButtonText name="$parentText">
          <Anchors>
            <Anchor point="CENTER">
              <Offset>
                <AbsDimension x="0" y="1" />
              </Offset>
            </Anchor>
          </Anchors>
        </ButtonText>
        <NormalFont />
        <HighlightFont />
        <DisabledFont />
      </Button>
      <Button name="$parentComponent3" text="Tickets">
        <!--<FrameSkin skinid="dcb143e1-a4ab-4e7c-b934-1efa40101d21" frameid="2d508884-59c2-4f83-ae10-27aaad48391b" />-->
        <Size>
          <AbsDimension x="60" y="26" />
        </Size>
        <Anchors>
          <Anchor point="TOPLEFT">
            <Offset>
              <AbsDimension x="82" y="-28" />
            </Offset>
          </Anchor>
        </Anchors>
        <Scripts>
          <OnClick>TicketTracker:Show(); MiniForm:Hide();
</OnClick>
        </Scripts>
        <NormalTexture file="Interface\Buttons\UI-Panel-Button-Up">
          <TexCoords left="0" right="0.625" top="0" bottom="0.6875" />
        </NormalTexture>
        <PushedTexture file="Interface\Buttons\UI-Panel-Button-Down">
          <TexCoords left="0" right="0.625" top="0" bottom="0.6875" />
        </PushedTexture>
        <DisabledTexture file="Interface\Buttons\UI-Panel-Button-Disabled">
          <TexCoords left="0" right="0.625" top="0" bottom="0.6875" />
        </DisabledTexture>
        <HighlightTexture file="Interface\Buttons\UI-Panel-Button-Highlight" alphaMode="ADD">
          <TexCoords left="0" right="0.625" top="0" bottom="0.6875" />
        </HighlightTexture>
        <ButtonText name="$parentText">
          <Anchors>
            <Anchor point="CENTER">
              <Offset>
                <AbsDimension x="0" y="1" />
              </Offset>
            </Anchor>
          </Anchors>
          <FontHeight>
            <AbsValue val="10" />
          </FontHeight>
        </ButtonText>
        <NormalFont />
        <HighlightFont />
        <DisabledFont />
      </Button>
      <Button name="$parentComponent4" text="Items">
        <!--<FrameSkin skinid="dcb143e1-a4ab-4e7c-b934-1efa40101d21" frameid="2d508884-59c2-4f83-ae10-27aaad48391b" />-->
        <Size>
          <AbsDimension x="60" y="26" />
        </Size>
        <Anchors>
          <Anchor point="TOPLEFT">
            <Offset>
              <AbsDimension x="148" y="-28" />
            </Offset>
          </Anchor>
        </Anchors>
        <Scripts>
          <OnClick>ItemForm:Show(); MiniForm:Hide();
</OnClick>
        </Scripts>
        <NormalTexture file="Interface\Buttons\UI-Panel-Button-Up">
          <TexCoords left="0" right="0.625" top="0" bottom="0.6875" />
        </NormalTexture>
        <PushedTexture file="Interface\Buttons\UI-Panel-Button-Down">
          <TexCoords left="0" right="0.625" top="0" bottom="0.6875" />
        </PushedTexture>
        <DisabledTexture file="Interface\Buttons\UI-Panel-Button-Disabled">
          <TexCoords left="0" right="0.625" top="0" bottom="0.6875" />
        </DisabledTexture>
        <HighlightTexture file="Interface\Buttons\UI-Panel-Button-Highlight" alphaMode="ADD">
          <TexCoords left="0" right="0.625" top="0" bottom="0.6875" />
        </HighlightTexture>
        <ButtonText name="$parentText">
          <Anchors>
            <Anchor point="CENTER">
              <Offset>
                <AbsDimension x="0" y="1" />
              </Offset>
            </Anchor>
          </Anchors>
          <FontHeight>
            <AbsValue val="10" />
          </FontHeight>
        </ButtonText>
        <NormalFont />
        <HighlightFont />
        <DisabledFont />
      </Button>
      <Button name="$parentComponent5" text="Skills">
        <!--<FrameSkin skinid="dcb143e1-a4ab-4e7c-b934-1efa40101d21" frameid="2d508884-59c2-4f83-ae10-27aaad48391b" />-->
        <Size>
          <AbsDimension x="60" y="26" />
        </Size>
        <Anchors>
          <Anchor point="TOPLEFT">
            <Offset>
              <AbsDimension x="214" y="-28" />
            </Offset>
          </Anchor>
        </Anchors>
        <Scripts>
          <OnClick>SkillForm:Show(); MiniForm:Hide();
</OnClick>
        </Scripts>
        <NormalTexture file="Interface\Buttons\UI-Panel-Button-Up">
          <TexCoords left="0" right="0.625" top="0" bottom="0.6875" />
        </NormalTexture>
        <PushedTexture file="Interface\Buttons\UI-Panel-Button-Down">
          <TexCoords left="0" right="0.625" top="0" bottom="0.6875" />
        </PushedTexture>
        <DisabledTexture file="Interface\Buttons\UI-Panel-Button-Disabled">
          <TexCoords left="0" right="0.625" top="0" bottom="0.6875" />
        </DisabledTexture>
        <HighlightTexture file="Interface\Buttons\UI-Panel-Button-Highlight" alphaMode="ADD">
          <TexCoords left="0" right="0.625" top="0" bottom="0.6875" />
        </HighlightTexture>
        <ButtonText name="$parentText">
          <Anchors>
            <Anchor point="CENTER">
              <Offset>
                <AbsDimension x="0" y="1" />
              </Offset>
            </Anchor>
          </Anchors>
          <FontHeight>
            <AbsValue val="10" />
          </FontHeight>
        </ButtonText>
        <NormalFont />
        <HighlightFont />
        <DisabledFont />
      </Button>
      <Button name="$parentComponent6" text="Spells">
        <!--<FrameSkin skinid="dcb143e1-a4ab-4e7c-b934-1efa40101d21" frameid="2d508884-59c2-4f83-ae10-27aaad48391b" />-->
        <Size>
          <AbsDimension x="60" y="26" />
        </Size>
        <Anchors>
          <Anchor point="TOPLEFT">
            <Offset>
              <AbsDimension x="280" y="-28" />
            </Offset>
          </Anchor>
        </Anchors>
        <Scripts>
          <OnClick>SpellForm:Show(); MiniForm:Hide();
</OnClick>
        </Scripts>
        <NormalTexture file="Interface\Buttons\UI-Panel-Button-Up">
          <TexCoords left="0" right="0.625" top="0" bottom="0.6875" />
        </NormalTexture>
        <PushedTexture file="Interface\Buttons\UI-Panel-Button-Down">
          <TexCoords left="0" right="0.625" top="0" bottom="0.6875" />
        </PushedTexture>
        <DisabledTexture file="Interface\Buttons\UI-Panel-Button-Disabled">
          <TexCoords left="0" right="0.625" top="0" bottom="0.6875" />
        </DisabledTexture>
        <HighlightTexture file="Interface\Buttons\UI-Panel-Button-Highlight" alphaMode="ADD">
          <TexCoords left="0" right="0.625" top="0" bottom="0.6875" />
        </HighlightTexture>
        <ButtonText name="$parentText">
          <Anchors>
            <Anchor point="CENTER">
              <Offset>
                <AbsDimension x="0" y="1" />
              </Offset>
            </Anchor>
          </Anchors>
          <FontHeight>
            <AbsValue val="10" />
          </FontHeight>
        </ButtonText>
        <NormalFont />
        <HighlightFont />
        <DisabledFont />
      </Button>
      <Button name="$parentComponent7" text="Comm">
        <!--<FrameSkin skinid="dcb143e1-a4ab-4e7c-b934-1efa40101d21" frameid="2d508884-59c2-4f83-ae10-27aaad48391b" />-->
        <Size>
          <AbsDimension x="60" y="26" />
        </Size>
        <Anchors>
          <Anchor point="TOPLEFT">
            <Offset>
              <AbsDimension x="148" y="-60" />
            </Offset>
          </Anchor>
        </Anchors>
        <Scripts>
          <OnClick>CommForm:Show(); MiniForm:Hide();
</OnClick>
        </Scripts>
        <NormalTexture file="Interface\Buttons\UI-Panel-Button-Up">
          <TexCoords left="0" right="0.625" top="0" bottom="0.6875" />
        </NormalTexture>
        <PushedTexture file="Interface\Buttons\UI-Panel-Button-Down">
          <TexCoords left="0" right="0.625" top="0" bottom="0.6875" />
        </PushedTexture>
        <DisabledTexture file="Interface\Buttons\UI-Panel-Button-Disabled">
          <TexCoords left="0" right="0.625" top="0" bottom="0.6875" />
        </DisabledTexture>
        <HighlightTexture file="Interface\Buttons\UI-Panel-Button-Highlight" alphaMode="ADD">
          <TexCoords left="0" right="0.625" top="0" bottom="0.6875" />
        </HighlightTexture>
        <ButtonText name="$parentText">
          <Anchors>
            <Anchor point="CENTER">
              <Offset>
                <AbsDimension x="0" y="1" />
              </Offset>
            </Anchor>
          </Anchors>
          <FontHeight>
            <AbsValue val="10" />
          </FontHeight>
        </ButtonText>
        <NormalFont />
        <HighlightFont />
        <DisabledFont />
      </Button>
      <Button name="$parentComponent8" text="Objects">
        <!--<FrameSkin skinid="dcb143e1-a4ab-4e7c-b934-1efa40101d21" frameid="2d508884-59c2-4f83-ae10-27aaad48391b" />-->
        <Size>
          <AbsDimension x="60" y="26" />
        </Size>
        <Anchors>
          <Anchor point="TOPLEFT">
            <Offset>
              <AbsDimension x="346" y="-28" />
            </Offset>
          </Anchor>
        </Anchors>
        <Scripts>
          <OnClick>ObjectForm:Show(); MiniForm:Hide();
</OnClick>
        </Scripts>
        <NormalTexture file="Interface\Buttons\UI-Panel-Button-Up">
          <TexCoords left="0" right="0.625" top="0" bottom="0.6875" />
        </NormalTexture>
        <PushedTexture file="Interface\Buttons\UI-Panel-Button-Down">
          <TexCoords left="0" right="0.625" top="0" bottom="0.6875" />
        </PushedTexture>
        <DisabledTexture file="Interface\Buttons\UI-Panel-Button-Disabled">
          <TexCoords left="0" right="0.625" top="0" bottom="0.6875" />
        </DisabledTexture>
        <HighlightTexture file="Interface\Buttons\UI-Panel-Button-Highlight" alphaMode="ADD">
          <TexCoords left="0" right="0.625" top="0" bottom="0.6875" />
        </HighlightTexture>
        <ButtonText name="$parentText">
          <Anchors>
            <Anchor point="CENTER">
              <Offset>
                <AbsDimension x="0" y="1" />
              </Offset>
            </Anchor>
          </Anchors>
          <FontHeight>
            <AbsValue val="10" />
          </FontHeight>
        </ButtonText>
        <NormalFont />
        <HighlightFont />
        <DisabledFont />
      </Button>
      <Button name="$parentComponent9" text="Ban">
        <!--<FrameSkin skinid="dcb143e1-a4ab-4e7c-b934-1efa40101d21" frameid="2d508884-59c2-4f83-ae10-27aaad48391b" />-->
        <Size>
          <AbsDimension x="60" y="26" />
        </Size>
        <Anchors>
          <Anchor point="TOPLEFT">
            <Offset>
              <AbsDimension x="214" y="-60" />
            </Offset>
          </Anchor>
        </Anchors>
        <Scripts>
          <OnClick>BanForm:Show(); MiniForm:Hide();
</OnClick>
        </Scripts>
        <NormalTexture file="Interface\Buttons\UI-Panel-Button-Up">
          <TexCoords left="0" right="0.625" top="0" bottom="0.6875" />
        </NormalTexture>
        <PushedTexture file="Interface\Buttons\UI-Panel-Button-Down">
          <TexCoords left="0" right="0.625" top="0" bottom="0.6875" />
        </PushedTexture>
        <DisabledTexture file="Interface\Buttons\UI-Panel-Button-Disabled">
          <TexCoords left="0" right="0.625" top="0" bottom="0.6875" />
        </DisabledTexture>
        <HighlightTexture file="Interface\Buttons\UI-Panel-Button-Highlight" alphaMode="ADD">
          <TexCoords left="0" right="0.625" top="0" bottom="0.6875" />
        </HighlightTexture>
        <ButtonText name="$parentText">
          <Anchors>
            <Anchor point="CENTER">
              <Offset>
                <AbsDimension x="0" y="1" />
              </Offset>
            </Anchor>
          </Anchors>
          <FontHeight>
            <AbsValue val="10" />
          </FontHeight>
        </ButtonText>
        <NormalFont />
        <HighlightFont />
        <DisabledFont />
      </Button>
      <Button name="$parentComponent10" text="NPCs">
        <!--<FrameSkin skinid="dcb143e1-a4ab-4e7c-b934-1efa40101d21" frameid="2d508884-59c2-4f83-ae10-27aaad48391b" />-->
        <Size>
          <AbsDimension x="60" y="26" />
        </Size>
        <Anchors>
          <Anchor point="TOPLEFT">
            <Offset>
              <AbsDimension x="16" y="-60" />
            </Offset>
          </Anchor>
        </Anchors>
        <Scripts>
          <OnClick>NPCForm:Show(); MiniForm:Hide();
</OnClick>
        </Scripts>
        <NormalTexture file="Interface\Buttons\UI-Panel-Button-Up">
          <TexCoords left="0" right="0.625" top="0" bottom="0.6875" />
        </NormalTexture>
        <PushedTexture file="Interface\Buttons\UI-Panel-Button-Down">
          <TexCoords left="0" right="0.625" top="0" bottom="0.6875" />
        </PushedTexture>
        <DisabledTexture file="Interface\Buttons\UI-Panel-Button-Disabled">
          <TexCoords left="0" right="0.625" top="0" bottom="0.6875" />
        </DisabledTexture>
        <HighlightTexture file="Interface\Buttons\UI-Panel-Button-Highlight" alphaMode="ADD">
          <TexCoords left="0" right="0.625" top="0" bottom="0.6875" />
        </HighlightTexture>
        <ButtonText name="$parentText">
          <Anchors>
            <Anchor point="CENTER">
              <Offset>
                <AbsDimension x="0" y="1" />
              </Offset>
            </Anchor>
          </Anchors>
          <FontHeight>
            <AbsValue val="10" />
          </FontHeight>
        </ButtonText>
        <NormalFont />
        <HighlightFont />
        <DisabledFont />
      </Button>
      <Button name="$parentComponent11" text="Players">
        <!--<FrameSkin skinid="dcb143e1-a4ab-4e7c-b934-1efa40101d21" frameid="2d508884-59c2-4f83-ae10-27aaad48391b" />-->
        <Size>
          <AbsDimension x="60" y="26" />
        </Size>
        <Anchors>
          <Anchor point="TOPLEFT">
            <Offset>
              <AbsDimension x="82" y="-60" />
            </Offset>
          </Anchor>
        </Anchors>
        <Scripts>
          <OnClick>PlayerForm:Show(); MiniForm:Hide();
</OnClick>
        </Scripts>
        <NormalTexture file="Interface\Buttons\UI-Panel-Button-Up">
          <TexCoords left="0" right="0.625" top="0" bottom="0.6875" />
        </NormalTexture>
        <PushedTexture file="Interface\Buttons\UI-Panel-Button-Down">
          <TexCoords left="0" right="0.625" top="0" bottom="0.6875" />
        </PushedTexture>
        <DisabledTexture file="Interface\Buttons\UI-Panel-Button-Disabled">
          <TexCoords left="0" right="0.625" top="0" bottom="0.6875" />
        </DisabledTexture>
        <HighlightTexture file="Interface\Buttons\UI-Panel-Button-Highlight" alphaMode="ADD">
          <TexCoords left="0" right="0.625" top="0" bottom="0.6875" />
        </HighlightTexture>
        <ButtonText name="$parentText">
          <Anchors>
            <Anchor point="CENTER">
              <Offset>
                <AbsDimension x="0" y="1" />
              </Offset>
            </Anchor>
          </Anchors>
          <FontHeight>
            <AbsValue val="10" />
          </FontHeight>
        </ButtonText>
        <NormalFont />
        <HighlightFont />
        <DisabledFont />
      </Button>
      <Button name="$parentComponent12" text="Misc">
        <!--<FrameSkin skinid="dcb143e1-a4ab-4e7c-b934-1efa40101d21" frameid="2d508884-59c2-4f83-ae10-27aaad48391b" />-->
        <Size>
          <AbsDimension x="60" y="26" />
        </Size>
        <Anchors>
          <Anchor point="TOPLEFT">
            <Offset>
              <AbsDimension x="280" y="-60" />
            </Offset>
          </Anchor>
        </Anchors>
        <Scripts>
          <OnClick>MiscForm:Show(); MiniForm:Hide();
</OnClick>
        </Scripts>
        <NormalTexture file="Interface\Buttons\UI-Panel-Button-Up">
          <TexCoords left="0" right="0.625" top="0" bottom="0.6875" />
        </NormalTexture>
        <PushedTexture file="Interface\Buttons\UI-Panel-Button-Down">
          <TexCoords left="0" right="0.625" top="0" bottom="0.6875" />
        </PushedTexture>
        <DisabledTexture file="Interface\Buttons\UI-Panel-Button-Disabled">
          <TexCoords left="0" right="0.625" top="0" bottom="0.6875" />
        </DisabledTexture>
        <HighlightTexture file="Interface\Buttons\UI-Panel-Button-Highlight" alphaMode="ADD">
          <TexCoords left="0" right="0.625" top="0" bottom="0.6875" />
        </HighlightTexture>
        <ButtonText name="$parentText">
          <Anchors>
            <Anchor point="CENTER">
              <Offset>
                <AbsDimension x="0" y="1" />
              </Offset>
            </Anchor>
          </Anchors>
          <FontHeight>
            <AbsValue val="10" />
          </FontHeight>
        </ButtonText>
        <NormalFont />
        <HighlightFont />
        <DisabledFont />
      </Button>
      <Button name="$parentComponent13" text="BGs">
        <!--<FrameSkin skinid="dcb143e1-a4ab-4e7c-b934-1efa40101d21" frameid="2d508884-59c2-4f83-ae10-27aaad48391b" />-->
        <Size>
          <AbsDimension x="60" y="26" />
        </Size>
        <Anchors>
          <Anchor point="TOPLEFT">
            <Offset>
              <AbsDimension x="346" y="-60" />
            </Offset>
          </Anchor>
        </Anchors>
        <Scripts>
          <OnClick>BattlegroundForm:Show(); MiniForm:Hide();
</OnClick>
        </Scripts>
        <NormalTexture file="Interface\Buttons\UI-Panel-Button-Up">
          <TexCoords left="0" right="0.625" top="0" bottom="0.6875" />
        </NormalTexture>
        <PushedTexture file="Interface\Buttons\UI-Panel-Button-Down">
          <TexCoords left="0" right="0.625" top="0" bottom="0.6875" />
        </PushedTexture>
        <DisabledTexture file="Interface\Buttons\UI-Panel-Button-Disabled">
          <TexCoords left="0" right="0.625" top="0" bottom="0.6875" />
        </DisabledTexture>
        <HighlightTexture file="Interface\Buttons\UI-Panel-Button-Highlight" alphaMode="ADD">
          <TexCoords left="0" right="0.625" top="0" bottom="0.6875" />
        </HighlightTexture>
        <ButtonText name="$parentText">
          <Anchors>
            <Anchor point="CENTER">
              <Offset>
                <AbsDimension x="0" y="1" />
              </Offset>
            </Anchor>
          </Anchors>
          <FontHeight>
            <AbsValue val="10" />
          </FontHeight>
        </ButtonText>
        <NormalFont />
        <HighlightFont />
        <DisabledFont />
      </Button>
      <Button name="$parentComponent14" text="WPs">
        <!--<FrameSkin skinid="dcb143e1-a4ab-4e7c-b934-1efa40101d21" frameid="2d508884-59c2-4f83-ae10-27aaad48391b" />-->
        <Size>
          <AbsDimension x="60" y="26" />
        </Size>
        <Anchors>
          <Anchor point="TOPLEFT">
            <Offset>
              <AbsDimension x="478" y="-28" />
            </Offset>
          </Anchor>
        </Anchors>
        <Scripts>
          <OnClick>WaypointsForm:Show(); MiniForm:Hide();
</OnClick>
        </Scripts>
        <NormalTexture file="Interface\Buttons\UI-Panel-Button-Up">
          <TexCoords left="0" right="0.625" top="0" bottom="0.6875" />
        </NormalTexture>
        <PushedTexture file="Interface\Buttons\UI-Panel-Button-Down">
          <TexCoords left="0" right="0.625" top="0" bottom="0.6875" />
        </PushedTexture>
        <DisabledTexture file="Interface\Buttons\UI-Panel-Button-Disabled">
          <TexCoords left="0" right="0.625" top="0" bottom="0.6875" />
        </DisabledTexture>
        <HighlightTexture file="Interface\Buttons\UI-Panel-Button-Highlight" alphaMode="ADD">
          <TexCoords left="0" right="0.625" top="0" bottom="0.6875" />
        </HighlightTexture>
        <ButtonText name="$parentText">
          <Anchors>
            <Anchor point="CENTER">
              <Offset>
                <AbsDimension x="0" y="1" />
              </Offset>
            </Anchor>
          </Anchors>
          <FontHeight>
            <AbsValue val="10" />
          </FontHeight>
        </ButtonText>
        <NormalFont />
        <HighlightFont />
        <DisabledFont />
      </Button>
      <Button name="$parentComponent15" text="Mod">
        <!--<FrameSkin skinid="dcb143e1-a4ab-4e7c-b934-1efa40101d21" frameid="2d508884-59c2-4f83-ae10-27aaad48391b" />-->
        <Size>
          <AbsDimension x="60" y="26" />
        </Size>
        <Anchors>
          <Anchor point="TOPLEFT">
            <Offset>
              <AbsDimension x="412" y="-60" />
            </Offset>
          </Anchor>
        </Anchors>
        <Scripts>
          <OnClick>ModifyForm:Show(); MiniForm:Hide();
</OnClick>
        </Scripts>
        <NormalTexture file="Interface\Buttons\UI-Panel-Button-Up">
          <TexCoords left="0" right="0.625" top="0" bottom="0.6875" />
        </NormalTexture>
        <PushedTexture file="Interface\Buttons\UI-Panel-Button-Down">
          <TexCoords left="0" right="0.625" top="0" bottom="0.6875" />
        </PushedTexture>
        <DisabledTexture file="Interface\Buttons\UI-Panel-Button-Disabled">
          <TexCoords left="0" right="0.625" top="0" bottom="0.6875" />
        </DisabledTexture>
        <HighlightTexture file="Interface\Buttons\UI-Panel-Button-Highlight" alphaMode="ADD">
          <TexCoords left="0" right="0.625" top="0" bottom="0.6875" />
        </HighlightTexture>
        <ButtonText name="$parentText">
          <Anchors>
            <Anchor point="CENTER">
              <Offset>
                <AbsDimension x="0" y="1" />
              </Offset>
            </Anchor>
          </Anchors>
          <FontHeight>
            <AbsValue val="10" />
          </FontHeight>
        </ButtonText>
        <NormalFont />
        <HighlightFont />
        <DisabledFont />
      </Button>
      <Button name="$parentComponent16" text="OvrRds">
        <!--<FrameSkin skinid="dcb143e1-a4ab-4e7c-b934-1efa40101d21" frameid="2d508884-59c2-4f83-ae10-27aaad48391b" />-->
        <Size>
          <AbsDimension x="60" y="26" />
        </Size>
        <Anchors>
          <Anchor point="TOPLEFT">
            <Offset>
              <AbsDimension x="412" y="-28" />
            </Offset>
          </Anchor>
        </Anchors>
        <Scripts>
          <OnClick>OverridesForm:Show(); MiniForm:Hide();
</OnClick>
        </Scripts>
        <NormalTexture file="Interface\Buttons\UI-Panel-Button-Up">
          <TexCoords left="0" right="0.625" top="0" bottom="0.6875" />
        </NormalTexture>
        <PushedTexture file="Interface\Buttons\UI-Panel-Button-Down">
          <TexCoords left="0" right="0.625" top="0" bottom="0.6875" />
        </PushedTexture>
        <DisabledTexture file="Interface\Buttons\UI-Panel-Button-Disabled">
          <TexCoords left="0" right="0.625" top="0" bottom="0.6875" />
        </DisabledTexture>
        <HighlightTexture file="Interface\Buttons\UI-Panel-Button-Highlight" alphaMode="ADD">
          <TexCoords left="0" right="0.625" top="0" bottom="0.6875" />
        </HighlightTexture>
        <ButtonText name="$parentText">
          <Anchors>
            <Anchor point="CENTER">
              <Offset>
                <AbsDimension x="0" y="1" />
              </Offset>
            </Anchor>
          </Anchors>
          <FontHeight>
            <AbsValue val="10" />
          </FontHeight>
        </ButtonText>
        <NormalFont />
        <HighlightFont />
        <DisabledFont />
      </Button>
    </Frames>
    <Scripts>
      <OnLoad>this:RegisterForDrag("RightButton");
</OnLoad>
      <OnDragStart>this:StartMoving()
</OnDragStart>
      <OnDragStop>this:StopMovingOrSizing()
</OnDragStop>
    </Scripts>
  </Frame>
</Ui>