<Ui xmlns="http://www.blizzard.com/wow/ui" xmlns:xsi="http://www.w3.org/2001/XMLSchema-instance">
  <!--Autogenerated by wowuides, Version=1.0.300.0, Culture=neutral, PublicKeyToken=null-->
  <Frame name="WepskForm" hidden="true" movable="true" resizable="true" enableMouse="true">
    <!--<FrameSkin skinid="dcb143e1-a4ab-4e7c-b934-1efa40101d21" frameid="2d508883-59c2-4f83-ae10-27aaad48391b" />-->
    <Size>
      <AbsDimension x="189" y="491" />
    </Size>
    <Anchors>
      <Anchor point="RIGHT" relativeTo="UIParent">
        <Offset>
          <AbsDimension x="0" y="0" />
        </Offset>
      </Anchor>
    </Anchors>
    <Backdrop bgFile="Interface\DialogFrame\UI-DialogBox-Background" edgeFile="Interface\DialogFrame\UI-DialogBox-Border" tile="true">
      <BackgroundInsets>
        <AbsInset left="11" right="12" top="12" bottom="11" />
      </BackgroundInsets>
      <TileSize>
        <AbsValue val="32" />
      </TileSize>
      <EdgeSize>
        <AbsValue val="32" />
      </EdgeSize>
    </Backdrop>
    <Layers>
      <Layer>
        <Texture name="$parentTitleBorder" file="Interface\DialogFrame\UI-DialogBox-Header">
          <Size>
            <AbsDimension x="160" y="32" />
          </Size>
          <Anchors>
            <Anchor point="TOP">
              <Offset>
                <AbsDimension x="0" y="5" />
              </Offset>
            </Anchor>
          </Anchors>
          <TexCoords left="0.2" right="0.8" top="0" bottom="0.6" />
        </Texture>
        <FontString name="$parentTitleString" font="Fonts\FRIZQT__.TTF" text="Weapons">
          <Size>
            <AbsDimension x="140" y="0" />
          </Size>
          <Anchors>
            <Anchor point="TOP">
              <Offset>
                <AbsDimension x="0" y="-4" />
              </Offset>
            </Anchor>
          </Anchors>
          <FontHeight>
            <AbsValue val="12" />
          </FontHeight>
          <Color r="1" g="0.8196079" b="0" />
          <Shadow>
            <Color r="0" g="0" b="0" />
            <Offset>
              <AbsDimension x="1" y="-1" />
            </Offset>
          </Shadow>
        </FontString>
      </Layer>
    </Layers>
    <Frames>
      <Frame name="SKLvl">
        <!--<FrameSkin skinid="dcb143e1-a4ab-4e7c-b934-1efa40101d21" frameid="2d508885-59c2-4f83-ae10-27aaad48391b" />-->
        <Size>
          <AbsDimension x="75" y="18" />
        </Size>
        <Anchors>
          <Anchor point="TOPLEFT">
            <Offset>
              <AbsDimension x="23" y="-30" />
            </Offset>
          </Anchor>
        </Anchors>
        <Layers>
          <Layer>
            <FontString name="$parentLabel" font="Fonts\FRIZQT__.TTF" text="Skill Level">
              <Anchors>
                <Anchor point="TOPLEFT" />
                <Anchor point="BOTTOMRIGHT" />
              </Anchors>
              <FontHeight>
                <AbsValue val="12" />
              </FontHeight>
              <Color r="1" g="0.8196079" b="0" />
              <Shadow>
                <Color r="0" g="0" b="0" />
                <Offset>
                  <AbsDimension x="1" y="-1" />
                </Offset>
              </Shadow>
            </FontString>
          </Layer>
        </Layers>
      </Frame>
      <EditBox name="WeaponSkillLvl" enableMouse="true">
        <!--<FrameSkin skinid="dcb143e1-a4ab-4e7c-b934-1efa40101d21" frameid="2d508887-59c2-4f83-ae10-27aaad48391b" />-->
        <Size>
          <AbsDimension x="143" y="22" />
        </Size>
        <Anchors>
          <Anchor point="TOPLEFT">
            <Offset>
              <AbsDimension x="23" y="-54" />
            </Offset>
          </Anchor>
        </Anchors>
        <Layers>
          <Layer level="BACKGROUND">
            <Texture name="$parentLeft" file="Interface\Common\Common-Input-Border">
              <Size>
                <AbsDimension x="8" y="20" />
              </Size>
              <Anchors>
                <Anchor point="LEFT" />
              </Anchors>
              <TexCoords left="0" right="0.0625" top="0" bottom="0.625" />
            </Texture>
            <Texture name="$parentRight" file="Interface\Common\Common-Input-Border">
              <Size>
                <AbsDimension x="8" y="20" />
              </Size>
              <Anchors>
                <Anchor point="RIGHT" />
              </Anchors>
              <TexCoords left="0.9375" right="1" top="0" bottom="0.625" />
            </Texture>
            <Texture name="$parentMiddle" file="Interface\Common\Common-Input-Border">
              <Size>
                <AbsDimension x="10" y="20" />
              </Size>
              <Anchors>
                <Anchor point="LEFT" relativeTo="$parentLeft" relativePoint="RIGHT" />
                <Anchor point="RIGHT" relativeTo="$parentRight" relativePoint="LEFT" />
              </Anchors>
              <TexCoords left="0.0625" right="0.9375" top="0" bottom="0.625" />
            </Texture>
          </Layer>
        </Layers>
        <Scripts>
          <OnLoad>this:SetAutoFocus(false);
</OnLoad>
          <OnEscapePressed>WeaponSkillLvl:ClearFocus();
</OnEscapePressed>
          <OnTabPressed>this:ClearFocus();
</OnTabPressed>
        </Scripts>
        <FontString font="Fonts\ARIALN.TTF">
          <FontHeight>
            <AbsValue val="14" />
          </FontHeight>
          <Color r="1" g="1" b="1" />
          <Shadow>
            <Color r="0" g="0" b="0" />
            <Offset>
              <AbsDimension x="1" y="-1" />
            </Offset>
          </Shadow>
        </FontString>
      </EditBox>
      <Button name="Done" text="Done">
        <!--<FrameSkin skinid="dcb143e1-a4ab-4e7c-b934-1efa40101d21" frameid="2d508884-59c2-4f83-ae10-27aaad48391b" />-->
        <Size>
          <AbsDimension x="90" y="19" />
        </Size>
        <Anchors>
          <Anchor point="TOPLEFT">
            <Offset>
              <AbsDimension x="49" y="-454" />
            </Offset>
          </Anchor>
        </Anchors>
        <Scripts>
          <OnClick>WepskForm:Hide(); SkillForm:Show(); WeaponSkillLevel:SetText("");
</OnClick>
        </Scripts>
        <NormalTexture file="Interface\Buttons\UI-Panel-Button-Up">
          <TexCoords left="0" right="0.625" top="0" bottom="0.6875" />
        </NormalTexture>
        <PushedTexture file="Interface\Buttons\UI-Panel-Button-Down">
          <TexCoords left="0" right="0.625" top="0" bottom="0.6875" />
        </PushedTexture>
        <DisabledTexture file="Interface\Buttons\UI-Panel-Button-Disabled">
          <TexCoords left="0" right="0.625" top="0" bottom="0.6875" />
        </DisabledTexture>
        <HighlightTexture file="Interface\Buttons\UI-Panel-Button-Highlight" alphaMode="ADD">
          <TexCoords left="0" right="0.625" top="0" bottom="0.6875" />
        </HighlightTexture>
        <ButtonText name="$parentText">
          <FontHeight>
            <AbsValue val="10" />
          </FontHeight>
        </ButtonText>
        <NormalFont inherits="GameFontNormal" font="Fonts\FRIZQT__.TTF">
          <FontHeight>
            <AbsValue val="12" />
          </FontHeight>
          <Color r="1" g="0.8196079" b="0" />
          <Shadow>
            <Color r="0" g="0" b="0" />
            <Offset>
              <AbsDimension x="1" y="-1" />
            </Offset>
          </Shadow>
        </NormalFont>
        <HighlightFont inherits="GameFontHighlight" font="Fonts\FRIZQT__.TTF">
          <FontHeight>
            <AbsValue val="12" />
          </FontHeight>
          <Color r="1" g="1" b="1" />
          <Shadow>
            <Color r="0" g="0" b="0" />
            <Offset>
              <AbsDimension x="1" y="-1" />
            </Offset>
          </Shadow>
        </HighlightFont>
        <DisabledFont inherits="GameFontDisable" font="Fonts\FRIZQT__.TTF">
          <FontHeight>
            <AbsValue val="12" />
          </FontHeight>
          <Color r="0.4980392" g="0.4980392" b="0.4980392" />
          <Shadow>
            <Color r="0" g="0" b="0" />
            <Offset>
              <AbsDimension x="1" y="-1" />
            </Offset>
          </Shadow>
        </DisabledFont>
      </Button>
      <Button name="Swords" text="Swords">
        <!--<FrameSkin skinid="dcb143e1-a4ab-4e7c-b934-1efa40101d21" frameid="2d508884-59c2-4f83-ae10-27aaad48391b" />-->
        <Size>
          <AbsDimension x="75" y="25" />
        </Size>
        <Anchors>
          <Anchor point="TOPLEFT">
            <Offset>
              <AbsDimension x="23" y="-82" />
            </Offset>
          </Anchor>
        </Anchors>
        <Scripts>
          <OnClick>LearnSwords(); WeaponSkillLevel:ClearFocus();
</OnClick>
        </Scripts>
        <NormalTexture file="Interface\Buttons\UI-Panel-Button-Up">
          <TexCoords left="0" right="0.625" top="0" bottom="0.6875" />
        </NormalTexture>
        <PushedTexture file="Interface\Buttons\UI-Panel-Button-Down">
          <TexCoords left="0" right="0.625" top="0" bottom="0.6875" />
        </PushedTexture>
        <DisabledTexture file="Interface\Buttons\UI-Panel-Button-Disabled">
          <TexCoords left="0" right="0.625" top="0" bottom="0.6875" />
        </DisabledTexture>
        <HighlightTexture file="Interface\Buttons\UI-Panel-Button-Highlight" alphaMode="ADD">
          <TexCoords left="0" right="0.625" top="0" bottom="0.6875" />
        </HighlightTexture>
        <ButtonText name="$parentText">
          <FontHeight>
            <AbsValue val="10" />
          </FontHeight>
        </ButtonText>
        <NormalFont inherits="GameFontNormal" font="Fonts\FRIZQT__.TTF">
          <FontHeight>
            <AbsValue val="12" />
          </FontHeight>
          <Color r="1" g="0.8196079" b="0" />
          <Shadow>
            <Color r="0" g="0" b="0" />
            <Offset>
              <AbsDimension x="1" y="-1" />
            </Offset>
          </Shadow>
        </NormalFont>
        <HighlightFont inherits="GameFontHighlight" font="Fonts\FRIZQT__.TTF">
          <FontHeight>
            <AbsValue val="12" />
          </FontHeight>
          <Color r="1" g="1" b="1" />
          <Shadow>
            <Color r="0" g="0" b="0" />
            <Offset>
              <AbsDimension x="1" y="-1" />
            </Offset>
          </Shadow>
        </HighlightFont>
        <DisabledFont inherits="GameFontDisable" font="Fonts\FRIZQT__.TTF">
          <FontHeight>
            <AbsValue val="12" />
          </FontHeight>
          <Color r="0.4980392" g="0.4980392" b="0.4980392" />
          <Shadow>
            <Color r="0" g="0" b="0" />
            <Offset>
              <AbsDimension x="1" y="-1" />
            </Offset>
          </Shadow>
        </DisabledFont>
      </Button>
      <Button name="DualWield" text="Dual Wield">
        <!--<FrameSkin skinid="dcb143e1-a4ab-4e7c-b934-1efa40101d21" frameid="2d508884-59c2-4f83-ae10-27aaad48391b" />-->
        <Size>
          <AbsDimension x="143" y="25" />
        </Size>
        <Anchors>
          <Anchor point="TOPLEFT">
            <Offset>
              <AbsDimension x="23" y="-237" />
            </Offset>
          </Anchor>
        </Anchors>
        <Scripts>
          <OnClick>LearnDualWield()
; WeaponSkillLevel:ClearFocus();
</OnClick>
        </Scripts>
        <NormalTexture file="Interface\Buttons\UI-Panel-Button-Up">
          <TexCoords left="0" right="0.625" top="0" bottom="0.6875" />
        </NormalTexture>
        <PushedTexture file="Interface\Buttons\UI-Panel-Button-Down">
          <TexCoords left="0" right="0.625" top="0" bottom="0.6875" />
        </PushedTexture>
        <DisabledTexture file="Interface\Buttons\UI-Panel-Button-Disabled">
          <TexCoords left="0" right="0.625" top="0" bottom="0.6875" />
        </DisabledTexture>
        <HighlightTexture file="Interface\Buttons\UI-Panel-Button-Highlight" alphaMode="ADD">
          <TexCoords left="0" right="0.625" top="0" bottom="0.6875" />
        </HighlightTexture>
        <ButtonText name="$parentText">
          <FontHeight>
            <AbsValue val="10" />
          </FontHeight>
        </ButtonText>
        <NormalFont inherits="GameFontNormal" font="Fonts\FRIZQT__.TTF">
          <FontHeight>
            <AbsValue val="12" />
          </FontHeight>
          <Color r="1" g="0.8196079" b="0" />
          <Shadow>
            <Color r="0" g="0" b="0" />
            <Offset>
              <AbsDimension x="1" y="-1" />
            </Offset>
          </Shadow>
        </NormalFont>
        <HighlightFont inherits="GameFontHighlight" font="Fonts\FRIZQT__.TTF">
          <FontHeight>
            <AbsValue val="12" />
          </FontHeight>
          <Color r="1" g="1" b="1" />
          <Shadow>
            <Color r="0" g="0" b="0" />
            <Offset>
              <AbsDimension x="1" y="-1" />
            </Offset>
          </Shadow>
        </HighlightFont>
        <DisabledFont inherits="GameFontDisable" font="Fonts\FRIZQT__.TTF">
          <FontHeight>
            <AbsValue val="12" />
          </FontHeight>
          <Color r="0.4980392" g="0.4980392" b="0.4980392" />
          <Shadow>
            <Color r="0" g="0" b="0" />
            <Offset>
              <AbsDimension x="1" y="-1" />
            </Offset>
          </Shadow>
        </DisabledFont>
      </Button>
      <Button name="Staves" text="Staves">
        <!--<FrameSkin skinid="dcb143e1-a4ab-4e7c-b934-1efa40101d21" frameid="2d508884-59c2-4f83-ae10-27aaad48391b" />-->
        <Size>
          <AbsDimension x="62" y="25" />
        </Size>
        <Anchors>
          <Anchor point="TOPLEFT">
            <Offset>
              <AbsDimension x="104" y="-82" />
            </Offset>
          </Anchor>
        </Anchors>
        <Scripts>
          <OnClick>LearnStaves()
; WeaponSkillLevel:ClearFocus();
</OnClick>
        </Scripts>
        <NormalTexture file="Interface\Buttons\UI-Panel-Button-Up">
          <TexCoords left="0" right="0.625" top="0" bottom="0.6875" />
        </NormalTexture>
        <PushedTexture file="Interface\Buttons\UI-Panel-Button-Down">
          <TexCoords left="0" right="0.625" top="0" bottom="0.6875" />
        </PushedTexture>
        <DisabledTexture file="Interface\Buttons\UI-Panel-Button-Disabled">
          <TexCoords left="0" right="0.625" top="0" bottom="0.6875" />
        </DisabledTexture>
        <HighlightTexture file="Interface\Buttons\UI-Panel-Button-Highlight" alphaMode="ADD">
          <TexCoords left="0" right="0.625" top="0" bottom="0.6875" />
        </HighlightTexture>
        <ButtonText name="$parentText">
          <FontHeight>
            <AbsValue val="10" />
          </FontHeight>
        </ButtonText>
        <NormalFont inherits="GameFontNormal" font="Fonts\FRIZQT__.TTF">
          <FontHeight>
            <AbsValue val="12" />
          </FontHeight>
          <Color r="1" g="0.8196079" b="0" />
          <Shadow>
            <Color r="0" g="0" b="0" />
            <Offset>
              <AbsDimension x="1" y="-1" />
            </Offset>
          </Shadow>
        </NormalFont>
        <HighlightFont inherits="GameFontHighlight" font="Fonts\FRIZQT__.TTF">
          <FontHeight>
            <AbsValue val="12" />
          </FontHeight>
          <Color r="1" g="1" b="1" />
          <Shadow>
            <Color r="0" g="0" b="0" />
            <Offset>
              <AbsDimension x="1" y="-1" />
            </Offset>
          </Shadow>
        </HighlightFont>
        <DisabledFont inherits="GameFontDisable" font="Fonts\FRIZQT__.TTF">
          <FontHeight>
            <AbsValue val="12" />
          </FontHeight>
          <Color r="0.4980392" g="0.4980392" b="0.4980392" />
          <Shadow>
            <Color r="0" g="0" b="0" />
            <Offset>
              <AbsDimension x="1" y="-1" />
            </Offset>
          </Shadow>
        </DisabledFont>
      </Button>
      <Button name="Unarmed" text="Unarmed">
        <!--<FrameSkin skinid="dcb143e1-a4ab-4e7c-b934-1efa40101d21" frameid="2d508884-59c2-4f83-ae10-27aaad48391b" />-->
        <Size>
          <AbsDimension x="75" y="25" />
        </Size>
        <Anchors>
          <Anchor point="TOPLEFT">
            <Offset>
              <AbsDimension x="23" y="-113" />
            </Offset>
          </Anchor>
        </Anchors>
        <Scripts>
          <OnClick>LearnUnarmed()
; WeaponSkillLevel:ClearFocus();
</OnClick>
        </Scripts>
        <NormalTexture file="Interface\Buttons\UI-Panel-Button-Up">
          <TexCoords left="0" right="0.625" top="0" bottom="0.6875" />
        </NormalTexture>
        <PushedTexture file="Interface\Buttons\UI-Panel-Button-Down">
          <TexCoords left="0" right="0.625" top="0" bottom="0.6875" />
        </PushedTexture>
        <DisabledTexture file="Interface\Buttons\UI-Panel-Button-Disabled">
          <TexCoords left="0" right="0.625" top="0" bottom="0.6875" />
        </DisabledTexture>
        <HighlightTexture file="Interface\Buttons\UI-Panel-Button-Highlight" alphaMode="ADD">
          <TexCoords left="0" right="0.625" top="0" bottom="0.6875" />
        </HighlightTexture>
        <ButtonText name="$parentText">
          <FontHeight>
            <AbsValue val="10" />
          </FontHeight>
        </ButtonText>
        <NormalFont inherits="GameFontNormal" font="Fonts\FRIZQT__.TTF">
          <FontHeight>
            <AbsValue val="12" />
          </FontHeight>
          <Color r="1" g="0.8196079" b="0" />
          <Shadow>
            <Color r="0" g="0" b="0" />
            <Offset>
              <AbsDimension x="1" y="-1" />
            </Offset>
          </Shadow>
        </NormalFont>
        <HighlightFont inherits="GameFontHighlight" font="Fonts\FRIZQT__.TTF">
          <FontHeight>
            <AbsValue val="12" />
          </FontHeight>
          <Color r="1" g="1" b="1" />
          <Shadow>
            <Color r="0" g="0" b="0" />
            <Offset>
              <AbsDimension x="1" y="-1" />
            </Offset>
          </Shadow>
        </HighlightFont>
        <DisabledFont inherits="GameFontDisable" font="Fonts\FRIZQT__.TTF">
          <FontHeight>
            <AbsValue val="12" />
          </FontHeight>
          <Color r="0.4980392" g="0.4980392" b="0.4980392" />
          <Shadow>
            <Color r="0" g="0" b="0" />
            <Offset>
              <AbsDimension x="1" y="-1" />
            </Offset>
          </Shadow>
        </DisabledFont>
      </Button>
      <Button name="TwoHandedAxes" text="Two Handed Axes">
        <!--<FrameSkin skinid="dcb143e1-a4ab-4e7c-b934-1efa40101d21" frameid="2d508884-59c2-4f83-ae10-27aaad48391b" />-->
        <Size>
          <AbsDimension x="143" y="25" />
        </Size>
        <Anchors>
          <Anchor point="TOPLEFT">
            <Offset>
              <AbsDimension x="23" y="-361" />
            </Offset>
          </Anchor>
        </Anchors>
        <Scripts>
          <OnClick>LearnTwoHandedAxes()
; WeaponSkillLevel:ClearFocus();
</OnClick>
        </Scripts>
        <NormalTexture file="Interface\Buttons\UI-Panel-Button-Up">
          <TexCoords left="0" right="0.625" top="0" bottom="0.6875" />
        </NormalTexture>
        <PushedTexture file="Interface\Buttons\UI-Panel-Button-Down">
          <TexCoords left="0" right="0.625" top="0" bottom="0.6875" />
        </PushedTexture>
        <DisabledTexture file="Interface\Buttons\UI-Panel-Button-Disabled">
          <TexCoords left="0" right="0.625" top="0" bottom="0.6875" />
        </DisabledTexture>
        <HighlightTexture file="Interface\Buttons\UI-Panel-Button-Highlight" alphaMode="ADD">
          <TexCoords left="0" right="0.625" top="0" bottom="0.6875" />
        </HighlightTexture>
        <ButtonText name="$parentText">
          <FontHeight>
            <AbsValue val="10" />
          </FontHeight>
        </ButtonText>
        <NormalFont inherits="GameFontNormal" font="Fonts\FRIZQT__.TTF">
          <FontHeight>
            <AbsValue val="12" />
          </FontHeight>
          <Color r="1" g="0.8196079" b="0" />
          <Shadow>
            <Color r="0" g="0" b="0" />
            <Offset>
              <AbsDimension x="1" y="-1" />
            </Offset>
          </Shadow>
        </NormalFont>
        <HighlightFont inherits="GameFontHighlight" font="Fonts\FRIZQT__.TTF">
          <FontHeight>
            <AbsValue val="12" />
          </FontHeight>
          <Color r="1" g="1" b="1" />
          <Shadow>
            <Color r="0" g="0" b="0" />
            <Offset>
              <AbsDimension x="1" y="-1" />
            </Offset>
          </Shadow>
        </HighlightFont>
        <DisabledFont inherits="GameFontDisable" font="Fonts\FRIZQT__.TTF">
          <FontHeight>
            <AbsValue val="12" />
          </FontHeight>
          <Color r="0.4980392" g="0.4980392" b="0.4980392" />
          <Shadow>
            <Color r="0" g="0" b="0" />
            <Offset>
              <AbsDimension x="1" y="-1" />
            </Offset>
          </Shadow>
        </DisabledFont>
      </Button>
      <Button name="Daggers" text="Daggers">
        <!--<FrameSkin skinid="dcb143e1-a4ab-4e7c-b934-1efa40101d21" frameid="2d508884-59c2-4f83-ae10-27aaad48391b" />-->
        <Size>
          <AbsDimension x="75" y="25" />
        </Size>
        <Anchors>
          <Anchor point="TOPLEFT">
            <Offset>
              <AbsDimension x="23" y="-175" />
            </Offset>
          </Anchor>
        </Anchors>
        <Scripts>
          <OnClick>LearnDaggers()
; WeaponSkillLevel:ClearFocus();
</OnClick>
        </Scripts>
        <NormalTexture file="Interface\Buttons\UI-Panel-Button-Up">
          <TexCoords left="0" right="0.625" top="0" bottom="0.6875" />
        </NormalTexture>
        <PushedTexture file="Interface\Buttons\UI-Panel-Button-Down">
          <TexCoords left="0" right="0.625" top="0" bottom="0.6875" />
        </PushedTexture>
        <DisabledTexture file="Interface\Buttons\UI-Panel-Button-Disabled">
          <TexCoords left="0" right="0.625" top="0" bottom="0.6875" />
        </DisabledTexture>
        <HighlightTexture file="Interface\Buttons\UI-Panel-Button-Highlight" alphaMode="ADD">
          <TexCoords left="0" right="0.625" top="0" bottom="0.6875" />
        </HighlightTexture>
        <ButtonText name="$parentText">
          <FontHeight>
            <AbsValue val="10" />
          </FontHeight>
        </ButtonText>
        <NormalFont inherits="GameFontNormal" font="Fonts\FRIZQT__.TTF">
          <FontHeight>
            <AbsValue val="12" />
          </FontHeight>
          <Color r="1" g="0.8196079" b="0" />
          <Shadow>
            <Color r="0" g="0" b="0" />
            <Offset>
              <AbsDimension x="1" y="-1" />
            </Offset>
          </Shadow>
        </NormalFont>
        <HighlightFont inherits="GameFontHighlight" font="Fonts\FRIZQT__.TTF">
          <FontHeight>
            <AbsValue val="12" />
          </FontHeight>
          <Color r="1" g="1" b="1" />
          <Shadow>
            <Color r="0" g="0" b="0" />
            <Offset>
              <AbsDimension x="1" y="-1" />
            </Offset>
          </Shadow>
        </HighlightFont>
        <DisabledFont inherits="GameFontDisable" font="Fonts\FRIZQT__.TTF">
          <FontHeight>
            <AbsValue val="12" />
          </FontHeight>
          <Color r="0.4980392" g="0.4980392" b="0.4980392" />
          <Shadow>
            <Color r="0" g="0" b="0" />
            <Offset>
              <AbsDimension x="1" y="-1" />
            </Offset>
          </Shadow>
        </DisabledFont>
      </Button>
      <Button name="Crossbows" text="Crossbows">
        <!--<FrameSkin skinid="dcb143e1-a4ab-4e7c-b934-1efa40101d21" frameid="2d508884-59c2-4f83-ae10-27aaad48391b" />-->
        <Size>
          <AbsDimension x="143" y="25" />
        </Size>
        <Anchors>
          <Anchor point="TOPLEFT">
            <Offset>
              <AbsDimension x="23" y="-268" />
            </Offset>
          </Anchor>
        </Anchors>
        <Scripts>
          <OnClick>LearnCrossbows();
WeaponSkillLevel:ClearFocus();
</OnClick>
        </Scripts>
        <NormalTexture file="Interface\Buttons\UI-Panel-Button-Up">
          <TexCoords left="0" right="0.625" top="0" bottom="0.6875" />
        </NormalTexture>
        <PushedTexture file="Interface\Buttons\UI-Panel-Button-Down">
          <TexCoords left="0" right="0.625" top="0" bottom="0.6875" />
        </PushedTexture>
        <DisabledTexture file="Interface\Buttons\UI-Panel-Button-Disabled">
          <TexCoords left="0" right="0.625" top="0" bottom="0.6875" />
        </DisabledTexture>
        <HighlightTexture file="Interface\Buttons\UI-Panel-Button-Highlight" alphaMode="ADD">
          <TexCoords left="0" right="0.625" top="0" bottom="0.6875" />
        </HighlightTexture>
        <ButtonText name="$parentText">
          <FontHeight>
            <AbsValue val="10" />
          </FontHeight>
        </ButtonText>
        <NormalFont inherits="GameFontNormal" font="Fonts\FRIZQT__.TTF">
          <FontHeight>
            <AbsValue val="12" />
          </FontHeight>
          <Color r="1" g="0.8196079" b="0" />
          <Shadow>
            <Color r="0" g="0" b="0" />
            <Offset>
              <AbsDimension x="1" y="-1" />
            </Offset>
          </Shadow>
        </NormalFont>
        <HighlightFont inherits="GameFontHighlight" font="Fonts\FRIZQT__.TTF">
          <FontHeight>
            <AbsValue val="12" />
          </FontHeight>
          <Color r="1" g="1" b="1" />
          <Shadow>
            <Color r="0" g="0" b="0" />
            <Offset>
              <AbsDimension x="1" y="-1" />
            </Offset>
          </Shadow>
        </HighlightFont>
        <DisabledFont inherits="GameFontDisable" font="Fonts\FRIZQT__.TTF">
          <FontHeight>
            <AbsValue val="12" />
          </FontHeight>
          <Color r="0.4980392" g="0.4980392" b="0.4980392" />
          <Shadow>
            <Color r="0" g="0" b="0" />
            <Offset>
              <AbsDimension x="1" y="-1" />
            </Offset>
          </Shadow>
        </DisabledFont>
      </Button>
      <Button name="Wand" text="Wand">
        <!--<FrameSkin skinid="dcb143e1-a4ab-4e7c-b934-1efa40101d21" frameid="2d508884-59c2-4f83-ae10-27aaad48391b" />-->
        <Size>
          <AbsDimension x="62" y="25" />
        </Size>
        <Anchors>
          <Anchor point="TOPLEFT">
            <Offset>
              <AbsDimension x="104" y="-144" />
            </Offset>
          </Anchor>
        </Anchors>
        <Scripts>
          <OnClick>LearnWands(); WeaponSkillLevel:ClearFocus();
</OnClick>
        </Scripts>
        <NormalTexture file="Interface\Buttons\UI-Panel-Button-Up">
          <TexCoords left="0" right="0.625" top="0" bottom="0.6875" />
        </NormalTexture>
        <PushedTexture file="Interface\Buttons\UI-Panel-Button-Down">
          <TexCoords left="0" right="0.625" top="0" bottom="0.6875" />
        </PushedTexture>
        <DisabledTexture file="Interface\Buttons\UI-Panel-Button-Disabled">
          <TexCoords left="0" right="0.625" top="0" bottom="0.6875" />
        </DisabledTexture>
        <HighlightTexture file="Interface\Buttons\UI-Panel-Button-Highlight" alphaMode="ADD">
          <TexCoords left="0" right="0.625" top="0" bottom="0.6875" />
        </HighlightTexture>
        <ButtonText name="$parentText">
          <FontHeight>
            <AbsValue val="10" />
          </FontHeight>
        </ButtonText>
        <NormalFont inherits="GameFontNormal" font="Fonts\FRIZQT__.TTF">
          <FontHeight>
            <AbsValue val="12" />
          </FontHeight>
          <Color r="1" g="0.8196079" b="0" />
          <Shadow>
            <Color r="0" g="0" b="0" />
            <Offset>
              <AbsDimension x="1" y="-1" />
            </Offset>
          </Shadow>
        </NormalFont>
        <HighlightFont inherits="GameFontHighlight" font="Fonts\FRIZQT__.TTF">
          <FontHeight>
            <AbsValue val="12" />
          </FontHeight>
          <Color r="1" g="1" b="1" />
          <Shadow>
            <Color r="0" g="0" b="0" />
            <Offset>
              <AbsDimension x="1" y="-1" />
            </Offset>
          </Shadow>
        </HighlightFont>
        <DisabledFont inherits="GameFontDisable" font="Fonts\FRIZQT__.TTF">
          <FontHeight>
            <AbsValue val="12" />
          </FontHeight>
          <Color r="0.4980392" g="0.4980392" b="0.4980392" />
          <Shadow>
            <Color r="0" g="0" b="0" />
            <Offset>
              <AbsDimension x="1" y="-1" />
            </Offset>
          </Shadow>
        </DisabledFont>
      </Button>
      <Button name="Polearms" text="Polearms">
        <!--<FrameSkin skinid="dcb143e1-a4ab-4e7c-b934-1efa40101d21" frameid="2d508884-59c2-4f83-ae10-27aaad48391b" />-->
        <Size>
          <AbsDimension x="143" y="25" />
        </Size>
        <Anchors>
          <Anchor point="TOPLEFT">
            <Offset>
              <AbsDimension x="23" y="-330" />
            </Offset>
          </Anchor>
        </Anchors>
        <Scripts>
          <OnClick>LearnPolarms();
WeaponSkillLevel:ClearFocus();
</OnClick>
        </Scripts>
        <NormalTexture file="Interface\Buttons\UI-Panel-Button-Up">
          <TexCoords left="0" right="0.625" top="0" bottom="0.6875" />
        </NormalTexture>
        <PushedTexture file="Interface\Buttons\UI-Panel-Button-Down">
          <TexCoords left="0" right="0.625" top="0" bottom="0.6875" />
        </PushedTexture>
        <DisabledTexture file="Interface\Buttons\UI-Panel-Button-Disabled">
          <TexCoords left="0" right="0.625" top="0" bottom="0.6875" />
        </DisabledTexture>
        <HighlightTexture file="Interface\Buttons\UI-Panel-Button-Highlight" alphaMode="ADD">
          <TexCoords left="0" right="0.625" top="0" bottom="0.6875" />
        </HighlightTexture>
        <ButtonText name="$parentText">
          <FontHeight>
            <AbsValue val="10" />
          </FontHeight>
        </ButtonText>
        <NormalFont inherits="GameFontNormal" font="Fonts\FRIZQT__.TTF">
          <FontHeight>
            <AbsValue val="12" />
          </FontHeight>
          <Color r="1" g="0.8196079" b="0" />
          <Shadow>
            <Color r="0" g="0" b="0" />
            <Offset>
              <AbsDimension x="1" y="-1" />
            </Offset>
          </Shadow>
        </NormalFont>
        <HighlightFont inherits="GameFontHighlight" font="Fonts\FRIZQT__.TTF">
          <FontHeight>
            <AbsValue val="12" />
          </FontHeight>
          <Color r="1" g="1" b="1" />
          <Shadow>
            <Color r="0" g="0" b="0" />
            <Offset>
              <AbsDimension x="1" y="-1" />
            </Offset>
          </Shadow>
        </HighlightFont>
        <DisabledFont inherits="GameFontDisable" font="Fonts\FRIZQT__.TTF">
          <FontHeight>
            <AbsValue val="12" />
          </FontHeight>
          <Color r="0.4980392" g="0.4980392" b="0.4980392" />
          <Shadow>
            <Color r="0" g="0" b="0" />
            <Offset>
              <AbsDimension x="1" y="-1" />
            </Offset>
          </Shadow>
        </DisabledFont>
      </Button>
      <Button name="Guns" text="Guns">
        <!--<FrameSkin skinid="dcb143e1-a4ab-4e7c-b934-1efa40101d21" frameid="2d508884-59c2-4f83-ae10-27aaad48391b" />-->
        <Size>
          <AbsDimension x="62" y="25" />
        </Size>
        <Anchors>
          <Anchor point="TOPLEFT">
            <Offset>
              <AbsDimension x="104" y="-175" />
            </Offset>
          </Anchor>
        </Anchors>
        <Scripts>
          <OnClick>LearnGuns(); WeaponSkillLevel:ClearFocus();
</OnClick>
        </Scripts>
        <NormalTexture file="Interface\Buttons\UI-Panel-Button-Up">
          <TexCoords left="0" right="0.625" top="0" bottom="0.6875" />
        </NormalTexture>
        <PushedTexture file="Interface\Buttons\UI-Panel-Button-Down">
          <TexCoords left="0" right="0.625" top="0" bottom="0.6875" />
        </PushedTexture>
        <DisabledTexture file="Interface\Buttons\UI-Panel-Button-Disabled">
          <TexCoords left="0" right="0.625" top="0" bottom="0.6875" />
        </DisabledTexture>
        <HighlightTexture file="Interface\Buttons\UI-Panel-Button-Highlight" alphaMode="ADD">
          <TexCoords left="0" right="0.625" top="0" bottom="0.6875" />
        </HighlightTexture>
        <ButtonText name="$parentText">
          <FontHeight>
            <AbsValue val="10" />
          </FontHeight>
        </ButtonText>
        <NormalFont inherits="GameFontNormal" font="Fonts\FRIZQT__.TTF">
          <FontHeight>
            <AbsValue val="12" />
          </FontHeight>
          <Color r="1" g="0.8196079" b="0" />
          <Shadow>
            <Color r="0" g="0" b="0" />
            <Offset>
              <AbsDimension x="1" y="-1" />
            </Offset>
          </Shadow>
        </NormalFont>
        <HighlightFont inherits="GameFontHighlight" font="Fonts\FRIZQT__.TTF">
          <FontHeight>
            <AbsValue val="12" />
          </FontHeight>
          <Color r="1" g="1" b="1" />
          <Shadow>
            <Color r="0" g="0" b="0" />
            <Offset>
              <AbsDimension x="1" y="-1" />
            </Offset>
          </Shadow>
        </HighlightFont>
        <DisabledFont inherits="GameFontDisable" font="Fonts\FRIZQT__.TTF">
          <FontHeight>
            <AbsValue val="12" />
          </FontHeight>
          <Color r="0.4980392" g="0.4980392" b="0.4980392" />
          <Shadow>
            <Color r="0" g="0" b="0" />
            <Offset>
              <AbsDimension x="1" y="-1" />
            </Offset>
          </Shadow>
        </DisabledFont>
      </Button>
      <Button name="TwoHandedSwords" text="Two Handed Swords">
        <!--<FrameSkin skinid="dcb143e1-a4ab-4e7c-b934-1efa40101d21" frameid="2d508884-59c2-4f83-ae10-27aaad48391b" />-->
        <Size>
          <AbsDimension x="143" y="25" />
        </Size>
        <Anchors>
          <Anchor point="TOPLEFT">
            <Offset>
              <AbsDimension x="23" y="-392" />
            </Offset>
          </Anchor>
        </Anchors>
        <Scripts>
          <OnClick>LearnTwoHandedSwords()
; WeaponSkillLevel:ClearFocus();
</OnClick>
        </Scripts>
        <NormalTexture file="Interface\Buttons\UI-Panel-Button-Up">
          <TexCoords left="0" right="0.625" top="0" bottom="0.6875" />
        </NormalTexture>
        <PushedTexture file="Interface\Buttons\UI-Panel-Button-Down">
          <TexCoords left="0" right="0.625" top="0" bottom="0.6875" />
        </PushedTexture>
        <DisabledTexture file="Interface\Buttons\UI-Panel-Button-Disabled">
          <TexCoords left="0" right="0.625" top="0" bottom="0.6875" />
        </DisabledTexture>
        <HighlightTexture file="Interface\Buttons\UI-Panel-Button-Highlight" alphaMode="ADD">
          <TexCoords left="0" right="0.625" top="0" bottom="0.6875" />
        </HighlightTexture>
        <ButtonText name="$parentText">
          <FontHeight>
            <AbsValue val="10" />
          </FontHeight>
        </ButtonText>
        <NormalFont inherits="GameFontNormal" font="Fonts\FRIZQT__.TTF">
          <FontHeight>
            <AbsValue val="12" />
          </FontHeight>
          <Color r="1" g="0.8196079" b="0" />
          <Shadow>
            <Color r="0" g="0" b="0" />
            <Offset>
              <AbsDimension x="1" y="-1" />
            </Offset>
          </Shadow>
        </NormalFont>
        <HighlightFont inherits="GameFontHighlight" font="Fonts\FRIZQT__.TTF">
          <FontHeight>
            <AbsValue val="12" />
          </FontHeight>
          <Color r="1" g="1" b="1" />
          <Shadow>
            <Color r="0" g="0" b="0" />
            <Offset>
              <AbsDimension x="1" y="-1" />
            </Offset>
          </Shadow>
        </HighlightFont>
        <DisabledFont inherits="GameFontDisable" font="Fonts\FRIZQT__.TTF">
          <FontHeight>
            <AbsValue val="12" />
          </FontHeight>
          <Color r="0.4980392" g="0.4980392" b="0.4980392" />
          <Shadow>
            <Color r="0" g="0" b="0" />
            <Offset>
              <AbsDimension x="1" y="-1" />
            </Offset>
          </Shadow>
        </DisabledFont>
      </Button>
      <Button name="FistWeapons" text="Fist Weapons">
        <!--<FrameSkin skinid="dcb143e1-a4ab-4e7c-b934-1efa40101d21" frameid="2d508884-59c2-4f83-ae10-27aaad48391b" />-->
        <Size>
          <AbsDimension x="143" y="25" />
        </Size>
        <Anchors>
          <Anchor point="TOPLEFT">
            <Offset>
              <AbsDimension x="23" y="-299" />
            </Offset>
          </Anchor>
        </Anchors>
        <Scripts>
          <OnClick>LearnFistWeapons()
; WeaponSkillLevel:ClearFocus();
</OnClick>
        </Scripts>
        <NormalTexture file="Interface\Buttons\UI-Panel-Button-Up">
          <TexCoords left="0" right="0.625" top="0" bottom="0.6875" />
        </NormalTexture>
        <PushedTexture file="Interface\Buttons\UI-Panel-Button-Down">
          <TexCoords left="0" right="0.625" top="0" bottom="0.6875" />
        </PushedTexture>
        <DisabledTexture file="Interface\Buttons\UI-Panel-Button-Disabled">
          <TexCoords left="0" right="0.625" top="0" bottom="0.6875" />
        </DisabledTexture>
        <HighlightTexture file="Interface\Buttons\UI-Panel-Button-Highlight" alphaMode="ADD">
          <TexCoords left="0" right="0.625" top="0" bottom="0.6875" />
        </HighlightTexture>
        <ButtonText name="$parentText">
          <FontHeight>
            <AbsValue val="10" />
          </FontHeight>
        </ButtonText>
        <NormalFont inherits="GameFontNormal" font="Fonts\FRIZQT__.TTF">
          <FontHeight>
            <AbsValue val="12" />
          </FontHeight>
          <Color r="1" g="0.8196079" b="0" />
          <Shadow>
            <Color r="0" g="0" b="0" />
            <Offset>
              <AbsDimension x="1" y="-1" />
            </Offset>
          </Shadow>
        </NormalFont>
        <HighlightFont inherits="GameFontHighlight" font="Fonts\FRIZQT__.TTF">
          <FontHeight>
            <AbsValue val="12" />
          </FontHeight>
          <Color r="1" g="1" b="1" />
          <Shadow>
            <Color r="0" g="0" b="0" />
            <Offset>
              <AbsDimension x="1" y="-1" />
            </Offset>
          </Shadow>
        </HighlightFont>
        <DisabledFont inherits="GameFontDisable" font="Fonts\FRIZQT__.TTF">
          <FontHeight>
            <AbsValue val="12" />
          </FontHeight>
          <Color r="0.4980392" g="0.4980392" b="0.4980392" />
          <Shadow>
            <Color r="0" g="0" b="0" />
            <Offset>
              <AbsDimension x="1" y="-1" />
            </Offset>
          </Shadow>
        </DisabledFont>
      </Button>
      <Button name="TwoHandedMaces" text="Two Handed Maces">
        <!--<FrameSkin skinid="dcb143e1-a4ab-4e7c-b934-1efa40101d21" frameid="2d508884-59c2-4f83-ae10-27aaad48391b" />-->
        <Size>
          <AbsDimension x="143" y="25" />
        </Size>
        <Anchors>
          <Anchor point="TOPLEFT">
            <Offset>
              <AbsDimension x="23" y="-423" />
            </Offset>
          </Anchor>
        </Anchors>
        <Scripts>
          <OnClick>LearnTwoHandedMaces()
; WeaponSkillLevel:ClearFocus();
</OnClick>
        </Scripts>
        <NormalTexture file="Interface\Buttons\UI-Panel-Button-Up">
          <TexCoords left="0" right="0.625" top="0" bottom="0.6875" />
        </NormalTexture>
        <PushedTexture file="Interface\Buttons\UI-Panel-Button-Down">
          <TexCoords left="0" right="0.625" top="0" bottom="0.6875" />
        </PushedTexture>
        <DisabledTexture file="Interface\Buttons\UI-Panel-Button-Disabled">
          <TexCoords left="0" right="0.625" top="0" bottom="0.6875" />
        </DisabledTexture>
        <HighlightTexture file="Interface\Buttons\UI-Panel-Button-Highlight" alphaMode="ADD">
          <TexCoords left="0" right="0.625" top="0" bottom="0.6875" />
        </HighlightTexture>
        <ButtonText name="$parentText">
          <FontHeight>
            <AbsValue val="10" />
          </FontHeight>
        </ButtonText>
        <NormalFont inherits="GameFontNormal" font="Fonts\FRIZQT__.TTF">
          <FontHeight>
            <AbsValue val="12" />
          </FontHeight>
          <Color r="1" g="0.8196079" b="0" />
          <Shadow>
            <Color r="0" g="0" b="0" />
            <Offset>
              <AbsDimension x="1" y="-1" />
            </Offset>
          </Shadow>
        </NormalFont>
        <HighlightFont inherits="GameFontHighlight" font="Fonts\FRIZQT__.TTF">
          <FontHeight>
            <AbsValue val="12" />
          </FontHeight>
          <Color r="1" g="1" b="1" />
          <Shadow>
            <Color r="0" g="0" b="0" />
            <Offset>
              <AbsDimension x="1" y="-1" />
            </Offset>
          </Shadow>
        </HighlightFont>
        <DisabledFont inherits="GameFontDisable" font="Fonts\FRIZQT__.TTF">
          <FontHeight>
            <AbsValue val="12" />
          </FontHeight>
          <Color r="0.4980392" g="0.4980392" b="0.4980392" />
          <Shadow>
            <Color r="0" g="0" b="0" />
            <Offset>
              <AbsDimension x="1" y="-1" />
            </Offset>
          </Shadow>
        </DisabledFont>
      </Button>
      <Button name="Bows" text="Bows">
        <!--<FrameSkin skinid="dcb143e1-a4ab-4e7c-b934-1efa40101d21" frameid="2d508884-59c2-4f83-ae10-27aaad48391b" />-->
        <Size>
          <AbsDimension x="62" y="25" />
        </Size>
        <Anchors>
          <Anchor point="TOPLEFT">
            <Offset>
              <AbsDimension x="104" y="-206" />
            </Offset>
          </Anchor>
        </Anchors>
        <Scripts>
          <OnClick>LearnBows()
; WeaponSkillLevel:ClearFocus();
</OnClick>
        </Scripts>
        <NormalTexture file="Interface\Buttons\UI-Panel-Button-Up">
          <TexCoords left="0" right="0.625" top="0" bottom="0.6875" />
        </NormalTexture>
        <PushedTexture file="Interface\Buttons\UI-Panel-Button-Down">
          <TexCoords left="0" right="0.625" top="0" bottom="0.6875" />
        </PushedTexture>
        <DisabledTexture file="Interface\Buttons\UI-Panel-Button-Disabled">
          <TexCoords left="0" right="0.625" top="0" bottom="0.6875" />
        </DisabledTexture>
        <HighlightTexture file="Interface\Buttons\UI-Panel-Button-Highlight" alphaMode="ADD">
          <TexCoords left="0" right="0.625" top="0" bottom="0.6875" />
        </HighlightTexture>
        <ButtonText name="$parentText">
          <FontHeight>
            <AbsValue val="10" />
          </FontHeight>
        </ButtonText>
        <NormalFont inherits="GameFontNormal" font="Fonts\FRIZQT__.TTF">
          <FontHeight>
            <AbsValue val="12" />
          </FontHeight>
          <Color r="1" g="0.8196079" b="0" />
          <Shadow>
            <Color r="0" g="0" b="0" />
            <Offset>
              <AbsDimension x="1" y="-1" />
            </Offset>
          </Shadow>
        </NormalFont>
        <HighlightFont inherits="GameFontHighlight" font="Fonts\FRIZQT__.TTF">
          <FontHeight>
            <AbsValue val="12" />
          </FontHeight>
          <Color r="1" g="1" b="1" />
          <Shadow>
            <Color r="0" g="0" b="0" />
            <Offset>
              <AbsDimension x="1" y="-1" />
            </Offset>
          </Shadow>
        </HighlightFont>
        <DisabledFont inherits="GameFontDisable" font="Fonts\FRIZQT__.TTF">
          <FontHeight>
            <AbsValue val="12" />
          </FontHeight>
          <Color r="0.4980392" g="0.4980392" b="0.4980392" />
          <Shadow>
            <Color r="0" g="0" b="0" />
            <Offset>
              <AbsDimension x="1" y="-1" />
            </Offset>
          </Shadow>
        </DisabledFont>
      </Button>
      <Button name="Thrown" text="Thrown">
        <!--<FrameSkin skinid="dcb143e1-a4ab-4e7c-b934-1efa40101d21" frameid="2d508884-59c2-4f83-ae10-27aaad48391b" />-->
        <Size>
          <AbsDimension x="75" y="25" />
        </Size>
        <Anchors>
          <Anchor point="TOPLEFT">
            <Offset>
              <AbsDimension x="23" y="-144" />
            </Offset>
          </Anchor>
        </Anchors>
        <Scripts>
          <OnClick>LearnThrown()
; WeaponSkillLevel:ClearFocus();
</OnClick>
        </Scripts>
        <NormalTexture file="Interface\Buttons\UI-Panel-Button-Up">
          <TexCoords left="0" right="0.625" top="0" bottom="0.6875" />
        </NormalTexture>
        <PushedTexture file="Interface\Buttons\UI-Panel-Button-Down">
          <TexCoords left="0" right="0.625" top="0" bottom="0.6875" />
        </PushedTexture>
        <DisabledTexture file="Interface\Buttons\UI-Panel-Button-Disabled">
          <TexCoords left="0" right="0.625" top="0" bottom="0.6875" />
        </DisabledTexture>
        <HighlightTexture file="Interface\Buttons\UI-Panel-Button-Highlight" alphaMode="ADD">
          <TexCoords left="0" right="0.625" top="0" bottom="0.6875" />
        </HighlightTexture>
        <ButtonText name="$parentText">
          <FontHeight>
            <AbsValue val="10" />
          </FontHeight>
        </ButtonText>
        <NormalFont inherits="GameFontNormal" font="Fonts\FRIZQT__.TTF">
          <FontHeight>
            <AbsValue val="12" />
          </FontHeight>
          <Color r="1" g="0.8196079" b="0" />
          <Shadow>
            <Color r="0" g="0" b="0" />
            <Offset>
              <AbsDimension x="1" y="-1" />
            </Offset>
          </Shadow>
        </NormalFont>
        <HighlightFont inherits="GameFontHighlight" font="Fonts\FRIZQT__.TTF">
          <FontHeight>
            <AbsValue val="12" />
          </FontHeight>
          <Color r="1" g="1" b="1" />
          <Shadow>
            <Color r="0" g="0" b="0" />
            <Offset>
              <AbsDimension x="1" y="-1" />
            </Offset>
          </Shadow>
        </HighlightFont>
        <DisabledFont inherits="GameFontDisable" font="Fonts\FRIZQT__.TTF">
          <FontHeight>
            <AbsValue val="12" />
          </FontHeight>
          <Color r="0.4980392" g="0.4980392" b="0.4980392" />
          <Shadow>
            <Color r="0" g="0" b="0" />
            <Offset>
              <AbsDimension x="1" y="-1" />
            </Offset>
          </Shadow>
        </DisabledFont>
      </Button>
      <Button name="Axes" text="Axes">
        <!--<FrameSkin skinid="dcb143e1-a4ab-4e7c-b934-1efa40101d21" frameid="2d508884-59c2-4f83-ae10-27aaad48391b" />-->
        <Size>
          <AbsDimension x="62" y="25" />
        </Size>
        <Anchors>
          <Anchor point="TOPLEFT">
            <Offset>
              <AbsDimension x="104" y="-113" />
            </Offset>
          </Anchor>
        </Anchors>
        <Scripts>
          <OnClick>LearnAxes()
; WeaponSkillLevel:ClearFocus();
</OnClick>
        </Scripts>
        <NormalTexture file="Interface\Buttons\UI-Panel-Button-Up">
          <TexCoords left="0" right="0.625" top="0" bottom="0.6875" />
        </NormalTexture>
        <PushedTexture file="Interface\Buttons\UI-Panel-Button-Down">
          <TexCoords left="0" right="0.625" top="0" bottom="0.6875" />
        </PushedTexture>
        <DisabledTexture file="Interface\Buttons\UI-Panel-Button-Disabled">
          <TexCoords left="0" right="0.625" top="0" bottom="0.6875" />
        </DisabledTexture>
        <HighlightTexture file="Interface\Buttons\UI-Panel-Button-Highlight" alphaMode="ADD">
          <TexCoords left="0" right="0.625" top="0" bottom="0.6875" />
        </HighlightTexture>
        <ButtonText name="$parentText">
          <FontHeight>
            <AbsValue val="10" />
          </FontHeight>
        </ButtonText>
        <NormalFont inherits="GameFontNormal" font="Fonts\FRIZQT__.TTF">
          <FontHeight>
            <AbsValue val="12" />
          </FontHeight>
          <Color r="1" g="0.8196079" b="0" />
          <Shadow>
            <Color r="0" g="0" b="0" />
            <Offset>
              <AbsDimension x="1" y="-1" />
            </Offset>
          </Shadow>
        </NormalFont>
        <HighlightFont inherits="GameFontHighlight" font="Fonts\FRIZQT__.TTF">
          <FontHeight>
            <AbsValue val="12" />
          </FontHeight>
          <Color r="1" g="1" b="1" />
          <Shadow>
            <Color r="0" g="0" b="0" />
            <Offset>
              <AbsDimension x="1" y="-1" />
            </Offset>
          </Shadow>
        </HighlightFont>
        <DisabledFont inherits="GameFontDisable" font="Fonts\FRIZQT__.TTF">
          <FontHeight>
            <AbsValue val="12" />
          </FontHeight>
          <Color r="0.4980392" g="0.4980392" b="0.4980392" />
          <Shadow>
            <Color r="0" g="0" b="0" />
            <Offset>
              <AbsDimension x="1" y="-1" />
            </Offset>
          </Shadow>
        </DisabledFont>
      </Button>
      <Button name="Maces" text="Maces">
        <!--<FrameSkin skinid="dcb143e1-a4ab-4e7c-b934-1efa40101d21" frameid="2d508884-59c2-4f83-ae10-27aaad48391b" />-->
        <Size>
          <AbsDimension x="75" y="25" />
        </Size>
        <Anchors>
          <Anchor point="TOPLEFT">
            <Offset>
              <AbsDimension x="23" y="-206" />
            </Offset>
          </Anchor>
        </Anchors>
        <Scripts>
          <OnClick>LearnMaces()
; WeaponSkillLevel:ClearFocus();
</OnClick>
        </Scripts>
        <NormalTexture file="Interface\Buttons\UI-Panel-Button-Up">
          <TexCoords left="0" right="0.625" top="0" bottom="0.6875" />
        </NormalTexture>
        <PushedTexture file="Interface\Buttons\UI-Panel-Button-Down">
          <TexCoords left="0" right="0.625" top="0" bottom="0.6875" />
        </PushedTexture>
        <DisabledTexture file="Interface\Buttons\UI-Panel-Button-Disabled">
          <TexCoords left="0" right="0.625" top="0" bottom="0.6875" />
        </DisabledTexture>
        <HighlightTexture file="Interface\Buttons\UI-Panel-Button-Highlight" alphaMode="ADD">
          <TexCoords left="0" right="0.625" top="0" bottom="0.6875" />
        </HighlightTexture>
        <ButtonText name="$parentText">
          <FontHeight>
            <AbsValue val="10" />
          </FontHeight>
        </ButtonText>
        <NormalFont inherits="GameFontNormal" font="Fonts\FRIZQT__.TTF">
          <FontHeight>
            <AbsValue val="12" />
          </FontHeight>
          <Color r="1" g="0.8196079" b="0" />
          <Shadow>
            <Color r="0" g="0" b="0" />
            <Offset>
              <AbsDimension x="1" y="-1" />
            </Offset>
          </Shadow>
        </NormalFont>
        <HighlightFont inherits="GameFontHighlight" font="Fonts\FRIZQT__.TTF">
          <FontHeight>
            <AbsValue val="12" />
          </FontHeight>
          <Color r="1" g="1" b="1" />
          <Shadow>
            <Color r="0" g="0" b="0" />
            <Offset>
              <AbsDimension x="1" y="-1" />
            </Offset>
          </Shadow>
        </HighlightFont>
        <DisabledFont inherits="GameFontDisable" font="Fonts\FRIZQT__.TTF">
          <FontHeight>
            <AbsValue val="12" />
          </FontHeight>
          <Color r="0.4980392" g="0.4980392" b="0.4980392" />
          <Shadow>
            <Color r="0" g="0" b="0" />
            <Offset>
              <AbsDimension x="1" y="-1" />
            </Offset>
          </Shadow>
        </DisabledFont>
      </Button>
    </Frames>
    <Scripts>
      <OnLoad>GMHelperOnLoad()
</OnLoad>
      <OnDragStart>this:StartMoving()
</OnDragStart>
      <OnDragStop>this:StopMovingOrSizing()
</OnDragStop>
    </Scripts>
  </Frame>
</Ui>