﻿<Ui xsi:schemaLocation="http://www.blizzard.com/wow/ui/">
    <Script file="Latency.lua"/>
    <Frame name="LatencyDisplayFrame" frameStrata="BACKGROUND" toplevel="true" enableMouse="true" movable="true" parent="UIParent">
        <Size>
            <AbsDimension x="120" y="25"/>
        </Size>
        <Anchors>
            <Anchor point="BOTTOM">
                <Offset>
                    <AbsDimension x="0" y = "100"/>
                </Offset>
            </Anchor>
        </Anchors>
        <TitleRegion setAllPoints="true"/>
		<Backdrop name="$parentBackdrop" bgFile="Interface\TutorialFrame\TutorialFrameBackground" edgeFile="Interface\Tooltips\UI-Tooltip-Border" tile="true">
			<EdgeSize>
				<AbsValue val="16"/>
			</EdgeSize>
			<TileSize>
				<AbsValue val="16"/>
			</TileSize>
			<BackgroundInsets>
				<AbsInset left="3" right="5" top="3" bottom="5"/>
			</BackgroundInsets>
		</Backdrop>
        <Frames>
            <Button name="LatencyButton">
                <Size>
                    <AbsDimension x="47" y="19"/>
                </Size>
                <Anchors>
                    <Anchor point="CENTER">
                        <Offset>
                            <AbsDimension x="0" y="0"/>
                        </Offset>
                    </Anchor>
                </Anchors>
                <Layers>
                    <Layer level="BACKGROUND">
                        <FontString name="LatencyDisplay_Text" inherits="GameFontNormal" wraponspaces="true">
                            <Anchors>
                                <Anchor point="CENTER">
                                    <Offset>
                                        <AbsDimension x="0" y="0"/>
                                    </Offset>
                                </Anchor>
                            </Anchors>
                        </FontString>
                    </Layer>
                </Layers>
            </Button>
        </Frames>
        <Scripts>
            <OnLoad>
               LatencyDisplay_OnLoad();
            </OnLoad>
            <OnEvent>
            </OnEvent>
            <OnUpdate>
                LatencyDisplay_OnUpdate();
            </OnUpdate>
        </Scripts>
    </Frame>
</Ui>
